Service_ID,Service_Type,Cloud_Provider,Edge_Node_ID,CPU_Utilization (%),Memory_Usage (MB),Storage_Usage (GB),Network_Bandwidth (Mbps),Service_Latency (ms),Response_Time (ms),Throughput (Requests/sec),Load_Balancing (%),QoS_Score,Workload_Variability,Optimal_Service_Placement,TOPSIS_Score,Rank,TOPSIS_Rank
S0281,Storage,Google Cloud,E1,37.909715853615445,4419,453,903.6784553409026,8.112581122806006,64.88573940342079,984.9129396349254,84.54756831339779,0.8966490383493675,1,1,0.8828742134894157,689.0,1
S0875,Compute,IBM,E3,68.36244530167353,3199,286,877.4305534868605,41.7614436407918,15.396545584447654,961.6144947763536,90.32014096232872,0.9210121090324754,2,1,0.8657033770923243,473.0,2
S0290,Database,Azure,E1,57.33593810257177,3312,345,895.3224670738498,61.6268545037391,23.46057563136258,896.640757531719,65.27163830439355,0.7540818952290873,2,0,0.8375559283585418,498.0,3
S0107,Network,AWS,E4,77.07430700210705,6400,389,947.288474821966,12.925957943255913,28.185526781528115,877.1378948036047,94.8949052387126,0.9770469574511504,2,1,0.8316485616911343,866.0,4
S0439,Database,Google Cloud,E3,70.08535124198049,963,287,879.9815572949854,60.69423819316612,153.9592906206205,901.0032292499708,91.50962815347856,0.8149602520306298,2,1,0.8156288535723021,275.0,5
S0319,Storage,IBM,E4,69.07194142437214,3036,770,892.4050242966957,94.03376405049464,14.905101173976847,963.7938267894224,99.11952772587831,0.773024965941383,3,1,0.8120171545238217,574.0,6
S0629,Database,IBM,E2,41.693357897949085,2063,710,829.2237542193167,20.50944735424593,141.5674094538893,883.8273126620925,56.83677013646176,0.5411745719821428,3,0,0.806790209757918,431.0,7
S0691,AI Model,IBM,E1,56.255557697986,5770,391,864.8450959636849,69.85927712884818,127.93397896568383,944.725675047648,92.28542908583636,0.7254536690944771,1,0,0.8061106597628217,838.0,8
S0720,Storage,IBM,E1,89.4786955047565,3273,599,932.3809939443572,80.25256268555192,39.40401436861578,935.9092815121128,66.44009022892268,0.578851810629746,2,0,0.8034299964808713,591.0,9
S0426,Storage,Azure,E3,60.55238574836827,1399,691,701.2164463697347,20.482104479419636,40.59769473722282,886.9538805739725,86.14653361193018,0.9079102616314834,3,1,0.8022828571265207,254.0,10
S0216,Network,AWS,E3,24.69899025915159,6565,325,944.4890006416932,100.75970471049764,93.56364396013068,974.3135532044396,53.45870952527086,0.5534426477445302,3,0,0.7944116000478445,877.0,11
S0908,Network,IBM,E4,21.27107486671857,1608,296,887.6375013754836,75.6030245314708,276.574682994342,983.4499768425944,79.51904826019305,0.6777027033811678,3,0,0.7775151734985468,393.0,12
S0266,Compute,AWS,E1,58.43769865777488,7593,113,994.4711148832848,38.42338329748897,197.86005317967928,795.0658242068406,99.2475158180822,0.9401239972377818,2,1,0.7693207302668108,920.0,13
S0749,Compute,Azure,E3,26.64535354772593,5942,946,767.5418954168481,46.209249917866906,136.61239745648135,855.2583130337924,81.53180952648252,0.9139143035330964,2,1,0.761931437019406,910.0,14
S0921,Network,Azure,E1,68.48440562284479,4328,810,951.8828933593152,33.189935667708895,163.22951461931444,762.1194690647242,63.92839766028297,0.5174401529100139,1,0,0.7604686461720478,794.0,15
S0588,Compute,IBM,E1,52.32389153849722,4188,960,742.286068785477,25.333724049721344,80.56157972071284,783.4850476872208,79.38450637799095,0.5071384908429162,3,0,0.7591019391300903,688.0,16
S0264,Compute,Azure,E1,60.90739020551791,4598,900,729.5704427377551,33.2140053269962,109.01965868239516,784.2365485903422,99.46703189198118,0.6988644878113612,2,0,0.7482154956250872,745.0,17
S0988,Database,Azure,E1,79.48571554975545,1409,605,854.3971200160355,86.75758380264115,172.18605432566747,850.3341368124929,56.30847950743684,0.8949873797849166,3,0,0.7478663068565315,382.0,18
S0380,AI Model,AWS,E2,82.7780843932205,1170,777,975.4281762157532,43.66229608726566,183.53555641215252,711.0874956500608,95.46161882307509,0.812573045866677,1,1,0.7473983016436598,438.0,19
S0182,Network,IBM,E4,52.22426095542013,6844,647,764.0591174515259,41.61167347556433,198.702000265061,869.8158441517016,76.67392379531464,0.8170459725399195,3,1,0.744641255178835,949.0,20
S0681,AI Model,AWS,E4,29.79892578675972,1191,530,833.225378474289,159.63789996367566,40.05849849709533,835.4053071470636,97.79350216342598,0.8012629450626267,1,0,0.7403817706356025,286.0,21
S0857,Network,IBM,E4,47.735994199038245,1457,601,931.5158342402128,61.11723959194058,73.92119087237285,602.7720031794724,87.13607485932087,0.5734008158769982,2,0,0.7380740875420994,381.0,22
S0990,Storage,Google Cloud,E1,38.1482847737784,1791,448,708.8966742142071,106.85304285683064,161.83416821015751,873.1060327538183,75.60090633377345,0.5423643416451589,2,0,0.736811143466413,263.0,23
S0937,Compute,IBM,E4,24.338333708537046,7313,578,993.8461356243904,29.768956216784375,347.29523620769226,937.2537716535824,67.81932392615141,0.7440485079364136,1,0,0.7366747591250281,986.0,24
S0405,Database,Azure,E3,93.26002463829946,3762,699,985.9472676417038,51.74217097102226,264.6456652636847,826.1504593227492,73.801035344006,0.7173286590255421,1,0,0.7348283481382146,758.0,25
S0600,AI Model,AWS,E4,45.94080955533931,2771,523,891.2366729124449,46.09924730152368,363.3999890744691,984.5452612971558,59.89122144206615,0.9125964674028452,2,0,0.7334916667839736,583.0,26
S0450,Storage,Google Cloud,E4,59.10842667826921,6453,784,793.4956530019058,79.0076741562526,16.62168473002946,728.2058867267681,99.65770517950804,0.7467654151163104,2,0,0.7329392873155457,895.0,27
S0587,Database,Google Cloud,E3,88.74764268809055,5251,946,634.4102700470099,40.111284825476616,107.12106996540464,957.8574886372504,63.00313740210953,0.9860833118703451,1,0,0.7297301967982588,792.0,28
S0675,Compute,IBM,E4,37.08123020774072,4153,932,792.7841908811662,132.44311488445695,66.59787441666843,844.1387155156825,69.50080303737803,0.5778376063821189,3,0,0.7272959183618319,704.0,29
S0747,Network,IBM,E2,83.44410797582991,6808,745,797.1074374300698,35.246113477201405,264.8660754144956,918.7196430129716,93.96984966529422,0.7451109873268704,2,0,0.7269448517847514,976.0,30
S0095,Compute,IBM,E3,27.438357469041197,7696,972,948.7690224121784,10.906852770995348,328.5554794754147,912.9469973924276,53.94902996831159,0.5850651636918045,1,0,0.7242626335386069,995.0,31
S0443,Network,AWS,E4,25.922687164312144,4277,161,618.2560073570106,90.62525608489618,18.679786798600617,811.5385116829319,51.01401574472904,0.5131918090027692,3,0,0.7237439705150108,415.0,32
S0941,Storage,IBM,E4,94.34959261731656,705,215,916.6495075171656,106.570869829388,102.08371935815974,696.8713519863888,74.18045033758332,0.6637202814770333,3,0,0.7234614236827952,251.0,33
S0783,Compute,Azure,E2,46.83605630851616,7480,331,872.5391111246661,37.29983690356634,342.0639551476722,899.2740350032078,67.90723905979027,0.8958475496008733,3,0,0.717577655742125,966.0,34
S0572,Storage,IBM,E1,61.8981797337819,5797,455,621.3538239116884,5.798904197033366,251.51917993645532,893.4792852587638,93.57536067453174,0.5297562212819872,1,0,0.7161901734836282,796.0,35
S0367,Database,AWS,E3,46.42812099572408,1504,964,549.3245047129609,39.880325779281456,195.84886194649684,969.5713069314578,67.09328008811752,0.9113682430217156,1,0,0.7145373873611084,303.0,36
S0364,AI Model,AWS,E1,76.16197527224799,4434,859,656.4201615564638,90.3269513318021,187.18758602844085,974.7245768642412,90.21523564777584,0.7663558110194926,2,1,0.7143441415124979,728.0,37
S0338,Database,Google Cloud,E4,59.55497165920072,7618,122,782.5443841127569,14.573067653249336,322.9495916989986,892.2847145398878,67.53686492021544,0.6030118617910422,2,0,0.7138865110433658,912.0,38
S0762,Network,IBM,E3,42.46742584654054,3407,541,926.9431498655016,203.13976814438013,108.42981826871184,963.5496937940416,82.2013218555972,0.9607168145122268,2,0,0.7136743571385643,624.0,39
S0873,Compute,AWS,E4,75.3948093599248,3484,105,755.3201693233842,74.87059382598115,242.3100171627108,816.1711487999829,71.23395062092293,0.7287844238369858,2,0,0.7133867430586861,452.0,40
S0105,Compute,AWS,E4,61.56698855990125,3520,936,859.3755400059066,180.9480166145697,78.258145966878,970.5194689781848,63.06225662267912,0.8191708752905449,1,0,0.7110211993704871,682.0,41
S0027,Network,Azure,E3,66.125972602915,3935,269,838.1335057118532,116.5762319967867,258.62098489172695,861.7323290261332,78.20973958993727,0.7732105061800514,2,0,0.7108316765952596,618.0,42
S0657,Compute,IBM,E1,61.82816196875329,7376,147,717.2699604557928,94.71653559307067,54.5295038011277,781.1600556894717,52.41979409728828,0.9112589009991744,1,0,0.7105531746760622,811.0,43
S0269,AI Model,Azure,E3,23.89674331657013,5050,242,839.1555257352951,53.55678574137454,305.39472639386184,777.3697198699239,55.39266322811546,0.8595890120259898,1,0,0.7076138333959203,751.0,44
S0245,Network,Azure,E2,83.79620433808535,717,963,676.1186621536593,107.12808157069666,220.153350803408,998.3223245372844,88.1496468144847,0.5790461686414243,3,0,0.7048577789898196,328.0,45
S0813,Compute,Google Cloud,E1,73.02323655917871,1232,417,922.9700087707714,151.68261253089875,146.7806252789292,776.6348885840453,53.18044980882504,0.7888678850804209,1,0,0.7034584536166868,343.0,46
S0577,Storage,Azure,E2,71.9369620001919,2613,987,783.8162324727147,150.1671430532789,47.01130188688473,826.687063067367,74.86012017782765,0.9997481752093608,1,0,0.7033805278489385,508.0,47
S0633,Database,IBM,E2,43.54750380330146,2038,985,702.3460715901167,140.09914827441295,145.70776288105884,936.66294816053,54.32123162236187,0.8188320230742954,3,0,0.7009157403235607,436.0,48
S0734,Storage,AWS,E2,94.83656417614836,2699,619,635.699016338212,122.39830218232336,96.83537787060808,946.7961113750808,57.251636687494425,0.7229736526602869,2,0,0.699640434932623,394.0,49
S0867,Database,AWS,E3,36.18055093823406,716,54,863.455381150831,129.92719272855317,27.2269261037657,588.6811443261662,97.13013502423736,0.6303167273785006,2,0,0.6993423166507697,192.0,50
S0240,AI Model,AWS,E2,46.21297790651141,3261,63,626.504959469905,79.0126433775609,236.6790485959194,846.4352588465651,70.4612740095898,0.955439452403222,3,0,0.6986764318501422,333.0,51
S0053,Database,AWS,E1,86.51936751569521,6359,665,885.511598951196,135.9125450322123,239.46728981362872,908.16920619657,90.2837689521352,0.7140616839091873,3,0,0.6962227432067253,969.0,52
S0497,Network,IBM,E4,35.52444338288201,8118,488,867.6295116223595,74.83101522423658,390.1774218766221,985.6690277160594,88.12855563957764,0.6478011387521107,3,0,0.6958641820349611,990.0,53
S0580,Database,Azure,E3,40.65358806915639,2291,325,650.9833613380905,121.64838972150152,195.55036288666395,867.7703195524006,66.69074558546187,0.8482188963511066,2,0,0.6957995399018927,260.0,54
S0308,Database,Azure,E2,72.19243386266018,1518,587,988.9471760752728,135.6346642633756,40.22054597426916,630.4722409648283,54.56258295595241,0.7482749068009156,3,0,0.6957909167943785,409.0,55
S0508,Database,Google Cloud,E3,42.01166174060913,5010,278,547.5681512792166,31.715042942271545,135.88799949922375,745.0956188481077,85.19567130640539,0.5346976574702711,1,0,0.6951020102622204,523.0,56
S0607,Database,Azure,E1,50.722167117142405,1646,205,636.4745845548919,110.80510209280544,248.50801369263465,906.3744880614604,81.93630911246098,0.7288228080167701,1,0,0.6950315057477799,209.0,57
S0896,AI Model,Azure,E3,64.63487561792611,8066,942,816.9213796690487,70.96572283883611,297.8004177090837,894.8528219319036,88.86477879195368,0.8897882244306348,1,0,0.6941387940275607,996.0,58
S0384,Database,AWS,E3,58.44910648587897,1993,832,631.838335931136,96.661021851877,115.60130019840672,790.5752253554987,66.40348422428289,0.5074044305663126,1,0,0.6933042609344365,326.0,59
S0936,Compute,AWS,E2,55.535737129846,1767,834,711.810121645583,74.85528770957313,62.21011113589536,623.4021847669095,81.37780119353232,0.5190591225942458,1,0,0.6886544866630874,322.0,60
S0185,Storage,Azure,E1,33.9576063384708,6620,511,985.322809539768,59.21647620683084,151.67699202519287,530.4841921757504,97.10789585149966,0.7148685044648893,2,0,0.6878728827118108,931.0,61
S0212,Database,IBM,E4,78.2532917716386,2185,123,964.184929269689,17.07551359043189,489.3820957618514,928.2695686353502,60.46609080235085,0.6823199955068915,2,0,0.6864437689922122,492.0,62
S0895,Compute,Azure,E2,59.82032588090704,2300,494,689.64880361282,86.13230788390034,263.9761739902997,824.5868926627834,59.84667437204351,0.6707535553420219,3,0,0.6856232724521992,363.0,63
S0920,Database,AWS,E1,42.48503956739269,7285,882,991.9703039880168,140.03442606403294,17.361045570477486,649.0312726284515,55.553165164082735,0.6283847577689565,3,0,0.6842146663134364,962.0,64
S0106,AI Model,Google Cloud,E4,20.39222101571845,2673,887,733.845771010368,147.9834074962107,264.91366064697246,936.4237704128378,99.09526611434714,0.8272830956117991,3,0,0.684017205616598,546.0,65
S0347,Network,Azure,E1,73.26820989674837,880,680,528.3279437345573,104.9498413734302,138.70817031193744,919.3291666901712,70.31245479884524,0.7561055084051423,2,0,0.6838431701758912,167.0,66
S0111,Compute,Google Cloud,E4,91.85551100895351,6035,210,700.73914447776,121.75441549982708,177.32000923813678,857.9080132949816,80.20653144282676,0.5933904035811853,3,0,0.6837392966812209,777.0,67
S0510,Compute,AWS,E1,49.77612809278938,4066,638,629.0766601071907,44.33141082105967,319.7399899400213,862.8614809376993,98.39311755816064,0.904516349753666,3,0,0.6826185913662458,635.0,68
S0878,Storage,IBM,E1,34.941145617053984,6672,246,708.5070845331942,69.39941798439612,335.5808219756972,880.8755047780076,64.08396772372625,0.7142823063008961,1,0,0.6804517313835231,872.0,69
S0343,Network,Google Cloud,E1,34.05589580731866,7519,283,798.5434345264713,65.02895839381719,309.3539298669042,747.5944895339521,84.17962126109344,0.7066016902984293,1,0,0.6792995196235835,941.0,70
S0191,Storage,IBM,E3,74.59544802303239,801,744,505.7038165783046,87.49271395549584,48.67562896882204,805.5234565953,73.58042853705462,0.7161779960733823,3,0,0.6784500600064397,138.0,71
S0642,AI Model,Google Cloud,E4,45.52903281908793,7244,614,912.8399883576368,166.3299462672927,266.9143197866593,955.0392231741218,51.11362275336119,0.7323624015403357,1,0,0.6780158937542861,983.0,72
S0778,AI Model,Azure,E1,55.73277397578437,598,299,450.9554258947289,123.33865100008028,43.95920794918687,888.642614645172,90.50088890231316,0.6377783350606143,1,0,0.6769774410931633,44.0,73
S0982,Database,AWS,E1,32.431233486511694,3705,298,951.3104733172672,78.39513380717864,151.53131309398162,497.529543009729,89.16683459623103,0.559172666858939,3,0,0.6758744616427858,570.0,74
S0246,Network,IBM,E1,62.09170912118937,7864,204,727.0119822241419,197.86709158171615,102.6029733858758,996.35550851175,69.30779592969105,0.5623680566108396,1,0,0.6723076676882715,887.0,75
S0544,Database,AWS,E3,51.42108426406065,3476,234,759.190509344459,41.70445662130858,278.9021310388757,644.684718222056,65.8500484867152,0.5901779841408259,3,0,0.6701369910864633,470.0,76
S0594,Storage,Google Cloud,E2,71.63037638691026,4368,158,734.2464983655226,216.03241399252244,34.3008190278422,897.9807616419397,94.82364286296476,0.9437812292063416,3,0,0.6693149794971794,521.0,77
S0992,Network,Azure,E4,34.76942783400713,7560,624,830.8591338812985,188.48433307769287,206.61376576982676,917.1480161171992,82.63067008736768,0.5033927764884139,1,0,0.6681800086200347,980.0,78
S0036,AI Model,AWS,E2,65.14111922272416,4179,625,783.1542250079909,111.3162418159628,313.18602140422706,843.1544569461719,53.760101438140126,0.9243956263879204,2,0,0.6657932720612826,732.0,79
S0766,Database,Google Cloud,E3,73.03148579500237,7484,961,912.7004423992308,12.370304273145589,391.94667827341897,743.041082144466,99.3033740104801,0.958923711410176,3,0,0.6646374999508188,998.0,80
S0764,AI Model,Google Cloud,E3,57.54682010528133,7536,186,787.2328206673594,80.0064524917345,267.00528136729844,692.5699091521644,92.22607656568276,0.6393778997343146,1,0,0.6646119845364084,915.0,81
S0886,Storage,IBM,E3,82.66101693066457,1328,868,918.6624742626176,130.31108574963497,323.2547816060742,815.5648200673589,61.6625845633196,0.7588393341154787,1,0,0.664495288104915,484.0,82
S0930,AI Model,Azure,E1,42.71867966248945,5506,727,977.7212956268042,57.31865168962414,471.1952001191359,859.808896690663,55.85225363531631,0.8235556304870473,2,0,0.6642894300239965,958.0,83
S0619,Database,AWS,E1,57.90913384328375,5409,62,703.7182660714211,71.62269150590063,379.34641900207566,861.1726938489434,83.85531830981392,0.8227557427393497,3,0,0.6639790394459928,717.0,84
S0051,Database,AWS,E1,29.11260322256885,3838,577,902.567175234197,215.8352241945416,158.1739127489219,811.1058638164008,90.55436231001292,0.5557911565666207,2,0,0.6637378739862158,685.0,85
S0262,Network,AWS,E2,50.88241561883814,783,507,853.0783761111768,83.23651841406459,367.03214093528055,715.9607037402886,79.74767443904052,0.7753066489925717,1,0,0.6633514633667611,334.0,86
S0042,Compute,Google Cloud,E4,45.37006294958738,3627,519,943.743074731672,73.32171230535019,248.54582385120605,552.9210902801567,70.77195081298305,0.7636129891252417,1,0,0.6631140444635014,656.0,87
S0910,Storage,Google Cloud,E1,80.53666530236619,2359,613,864.2931695758791,144.852497911818,264.8565531061733,798.5343915158785,51.31488633423343,0.522353465709431,3,0,0.6626899724808162,499.0,88
S0915,Database,AWS,E2,77.98564054390036,6991,327,954.501842427305,108.10922634497244,405.276068834154,865.0212186313894,74.52232299604877,0.6356795175955685,3,0,0.6610885057967931,971.0,89
S0584,Compute,Google Cloud,E2,79.87852553887643,6040,999,961.999648975704,96.3523167683813,359.6895165019339,786.5653333916202,87.36579127864431,0.6929062608796447,3,0,0.6605927160891892,984.0,90
S0492,AI Model,Azure,E1,44.85102553272881,3145,810,936.024379694046,208.0598314062366,141.44267587193227,788.4658883780836,54.90289242812288,0.6981177622686517,3,0,0.6596709205771388,642.0,91
S0882,AI Model,IBM,E4,24.356896406026237,4912,563,746.5882945441999,55.79825642997175,226.5348440396737,600.8425263670358,71.30576394153897,0.6976782554306915,1,0,0.6594920936091676,737.0,92
S0651,Storage,AWS,E4,39.45011729878209,1114,743,325.50270795061834,20.55233106867784,146.87914355630102,889.5467193898176,68.00810766068957,0.5197047676451949,3,0,0.658770864991898,101.0,93
S0256,Network,IBM,E4,56.352221534753525,5653,392,551.2293650133764,88.95711277988089,26.97884780886837,703.9812261738889,50.90301098799802,0.6194523478337883,2,0,0.6583998579309558,613.0,94
S0831,Database,AWS,E3,26.69671433941797,2765,814,912.3995786071924,66.39128020592997,344.0451767020476,639.7778633305973,65.47162354847416,0.6282220087315941,1,0,0.6580273733123491,615.0,95
S0647,Network,IBM,E2,77.14263594536524,1381,466,421.3589224314453,92.45124188452516,27.623220544572277,802.771236590873,83.25600890568079,0.772728347696246,2,1,0.6579831066790908,78.0,96
S0037,Network,Google Cloud,E2,63.68169936554349,4183,907,404.24551601843154,30.686005645305915,50.02308478451345,768.0920605894255,85.38919891812412,0.6490974389377995,1,0,0.6576648199021439,469.0,97
S0952,Network,IBM,E2,31.022203219115724,1243,494,740.501611017055,156.79572815274804,286.77230399153905,852.1822260310056,57.767165125500846,0.5078679901867722,1,0,0.6566946693883433,282.0,98
S0029,Database,AWS,E3,68.2928190155848,5102,974,469.9670371208812,126.86668232950754,74.02958890249856,939.828239355447,86.59366265313601,0.5036364038470047,1,0,0.6566939284483648,690.0,99
S0699,Storage,Azure,E3,58.34565966505634,4156,761,809.6406417816648,154.5648879422875,149.75375488013273,691.8618606716441,78.15064715858315,0.8212659176696832,2,0,0.6545856424156435,712.0,100
S0968,AI Model,Azure,E2,53.575506905781374,2882,266,450.99840043694496,111.43786185651076,124.71030583561388,862.0035876623798,56.83611381867329,0.9899930536435546,3,0,0.6531677843884733,186.0,101
S0069,Database,Google Cloud,E2,93.85023046433813,2188,563,997.6465940288716,152.2636893181929,245.01629740478447,673.3700844115526,81.67320596178863,0.502964107668439,1,0,0.6525715425628072,518.0,102
S0187,AI Model,IBM,E3,54.36401650534195,3095,163,440.0178831598056,148.7275420419646,67.32169272877621,936.13271591079,55.1132140498558,0.7085266018514603,3,0,0.6515376527315229,190.0,103
S0375,Compute,AWS,E1,71.47453975145731,1511,851,343.92980810281153,27.85747726875384,11.940372075949949,776.4113939834066,76.33796438461076,0.8787312616703443,3,1,0.6513461439564283,127.0,104
S0826,AI Model,Azure,E2,86.8904108608051,5281,518,864.8497622854242,147.6545027826409,18.646128487516865,577.7488146595837,94.08372551434364,0.9572201848770236,2,0,0.6507018125609321,767.0,105
S0641,Database,Azure,E3,48.91339285526917,2878,528,324.13242264628167,56.37622425664192,81.16025975847204,873.7259973005025,56.96483447035504,0.5370543746501941,2,0,0.6501921851129062,162.0,106
S0726,Compute,AWS,E2,30.082634705609134,3180,775,887.4253342911604,23.95037987785214,438.1593983057416,692.1928652685232,55.29578448143867,0.5071010780853824,3,0,0.6484534560413118,681.0,107
S0955,Compute,IBM,E1,49.112427959524666,3632,558,488.02276166600376,45.63155917190355,36.71082605632101,634.3367230014888,54.35410247957143,0.5160313481534025,3,0,0.646077616357652,311.0,108
S0761,Network,Google Cloud,E1,59.19324495025589,3366,983,550.46429797591,136.61403065486502,217.12425906831467,929.9659637559868,75.57405233941915,0.5825864997592238,3,0,0.6453937304079447,542.0,109
S0423,Storage,Azure,E4,85.4565379674596,7501,425,678.8650965022608,7.106914121632288,275.1898452279362,676.0829470440513,58.96481176300242,0.9466333181335388,1,0,0.6451263360968723,923.0,110
S0716,Database,IBM,E1,86.25985722395455,5615,55,912.608618143648,205.881220964055,93.01697702569102,721.3826481923321,59.93253263405696,0.6032226162081002,2,0,0.644133541109853,738.0,111
S0369,Database,Azure,E3,55.34653755486234,2898,572,894.6989008126724,260.34350992795555,96.45548753047166,865.5467399683498,79.08256663365034,0.7507237099208364,3,0,0.6439444228130156,539.0,112
S0251,Compute,IBM,E1,25.07512714250012,6517,520,807.9191118589079,124.25128442157656,70.54757882677232,551.6450765536093,59.87367918428415,0.7164007806131587,2,0,0.6433508705531066,857.0,113
S0123,AI Model,Azure,E2,49.3644273633372,2913,640,416.390836119949,11.515324363848023,144.03559421094909,688.6685198874945,90.23629918707157,0.6312039112853725,1,0,0.6432230826443706,235.0,114
S0372,Database,Azure,E2,29.469855617337707,6938,120,996.5999997260926,9.914839017043718,183.916288474328,376.0151643469194,71.16933745337309,0.6280442131192119,2,0,0.6431030358995268,850.0,115
S0047,Storage,AWS,E2,52.95537422708392,2148,494,439.4328603578374,106.13749461760796,83.22376667396418,774.705507229155,73.93224352752624,0.6817790776741488,3,0,0.6429556385956952,133.0,116
S0609,Storage,AWS,E3,70.7840479801257,6067,750,994.1408380991196,132.50816255382995,427.46493424236246,875.0523436426311,55.05442970871074,0.8577814136661162,3,0,0.641854854012913,981.0,117
S0068,Storage,IBM,E4,60.87701891727038,4459,779,782.3873757981651,97.64292304093756,151.82382033471077,571.9571816740902,65.70549095446853,0.8607445865658363,2,0,0.6411857623497057,725.0,118
S0138,Storage,Azure,E1,65.2615749947341,4466,974,761.4960632300821,151.689896544309,336.9926063371697,901.4674745555986,98.055913401082,0.5482943412472661,2,0,0.6407346368477899,841.0,119
S0913,Network,Azure,E1,21.316427252497167,1016,946,860.1738155403169,6.092210015562971,150.748260507672,371.81240900378185,95.38081931126136,0.7384188874290358,2,0,0.6395963967386702,372.0,120
S0714,Network,AWS,E1,86.98176538965612,7717,717,422.1001528810283,11.38544059736016,279.3846301203498,953.8265538601948,72.19941071710151,0.9358988855123314,2,0,0.6395697009858509,904.0,121
S0494,Compute,AWS,E1,34.70732845537947,4629,97,450.9326607180935,67.87692519761131,95.91377827466135,663.4713276482406,98.11514915871383,0.7804061708887586,2,1,0.6392473547500122,361.0,122
S0351,Storage,Azure,E1,54.444889787991045,4002,656,773.7969413785028,193.9123202600511,164.62120247712434,772.2960685492027,73.37944742493833,0.9634033545550202,3,0,0.6386150054571866,663.0,123
S0784,Network,IBM,E1,68.58630844928962,3454,965,296.54648601852614,64.84170542472023,121.0997711801971,975.6319836978292,68.9321191702047,0.5965788755604899,1,0,0.6381492441755038,389.0,124
S0429,AI Model,Google Cloud,E2,20.930302720798608,5949,60,370.0089053302551,108.80602613236692,79.39245004344244,863.7817194136798,56.378407568214215,0.8218396179785823,2,0,0.6379843857461945,488.0,125
S0354,Database,IBM,E2,82.11869393279139,3385,415,975.7182980308816,165.0591314549569,445.4887170376335,907.4071885066468,99.04931513993417,0.7774334584995786,1,0,0.6379404118339976,716.0,126
S0297,AI Model,Google Cloud,E1,35.28248443457668,3048,233,558.8131144042054,123.70004996312797,257.6232974365348,829.4455655428108,55.279919801307045,0.8204270682078,2,0,0.637660405297199,289.0,127
S0241,Network,IBM,E1,28.557183866595004,5476,764,808.6899881512348,34.66600596461608,410.9672496252971,671.5184790998807,87.41168582467546,0.907150491835794,3,0,0.6374240100053554,919.0,128
S0072,AI Model,Google Cloud,E3,32.361111179707784,3299,420,436.6740629016138,30.69724039112304,212.21234170578316,735.8839896040625,54.75201203258097,0.6784499435873774,2,0,0.6372197712024873,252.0,129
S0755,Network,Google Cloud,E2,46.16154004771095,2083,496,904.2156240441792,222.3638044466937,306.66779779961774,893.7987335534416,71.17702886207542,0.7021100219466081,1,0,0.6371921607318886,489.0,130
S0265,Database,AWS,E2,24.670482941141422,2334,882,786.921985006738,128.64517146040623,63.936142488718026,517.2744308213464,83.95791728717785,0.7140567848736208,1,0,0.637093914716035,434.0,131
S0166,Storage,AWS,E4,50.74286672722162,3483,704,792.6153051689568,83.19897887987891,481.9161241399232,865.8144243287246,79.45781886968942,0.7667607154904919,3,0,0.6358128536155314,700.0,132
S0801,Network,IBM,E2,40.35570353350358,4199,331,639.6868689157353,187.825617075012,42.1337455968518,735.2229055251354,69.74003842314765,0.9587281109455068,3,0,0.6357436510307672,465.0,133
S0045,Storage,AWS,E3,47.9125267878135,6729,893,770.4468965970734,77.43743465362486,450.3471737608053,865.8995042435473,89.08435488831987,0.6692633173634179,2,0,0.6347496809724547,989.0,134
S0668,Compute,Google Cloud,E3,62.70330208867121,5256,239,810.3109334809827,79.28299598501003,454.79789211820656,799.9103593233982,74.3790801698358,0.6816866042490488,1,0,0.634642843405112,810.0,135
S0243,Compute,IBM,E3,36.89876974634263,1647,956,487.88633834616513,186.9302487557989,99.9464159662971,969.3529569261316,62.37822540708923,0.8857857196644154,2,0,0.6345587402365154,257.0,136
S0533,Storage,Azure,E1,67.73010276375553,1600,286,824.115720342279,198.03220559759305,219.12728237502049,735.7104004723632,97.81229779348337,0.5352524777841287,1,0,0.6337675569721707,317.0,137
S0526,Database,IBM,E2,73.55244833501423,6074,169,525.2449101236331,47.345703003411536,326.3419776474062,849.2727330557458,53.33411501815123,0.8575381836888878,2,0,0.6333243530906999,709.0,138
S0816,Database,Google Cloud,E4,20.286494199393733,7071,650,147.85437614816843,10.654526819868444,30.40557094659036,975.5897149549536,77.29512796334038,0.8247662155326949,2,1,0.6331639154619559,620.0,139
S0563,AI Model,IBM,E3,60.04756044108228,2432,176,988.6545871752496,214.79222582069104,142.01476577149012,635.4413385422719,68.91369468414365,0.5040731240971176,3,0,0.6328236084619813,443.0,140
S0583,Compute,AWS,E3,53.48146373011866,7806,386,690.4226069566923,128.13052908179958,356.8910487125974,916.2305139549056,53.59072918819579,0.7281539558290866,3,0,0.6308043559687545,960.0,141
S0190,Network,IBM,E2,26.04511353178435,4418,977,668.7115563347153,125.32743450964762,294.8472996652761,795.756494397849,63.56940941183824,0.7587162799064815,2,0,0.6298850251400563,763.0,142
S0999,Database,Azure,E1,52.77469142492156,5326,965,636.9305695933162,10.634263809349122,259.002715108542,592.4419927596795,99.72795703048698,0.934676423961398,2,0,0.6293394703310465,829.0,143
S0685,Network,IBM,E1,40.68256761885177,6250,774,717.7505387504006,133.52325950607565,283.8870877324847,783.1937921149305,56.37882344583465,0.6451472578494573,2,0,0.6292530630340106,940.0,144
S0791,Network,Azure,E3,25.38318546698848,3212,244,628.7299508922748,81.81891709243298,102.88219918310084,509.3459639967229,79.42930486746272,0.9935839198151022,1,1,0.627445435520286,268.0,145
S0139,Storage,Azure,E3,70.73509529197716,2962,504,730.253937922844,57.63274848623125,71.53523032797872,434.266511229314,81.36982776579232,0.9758827580711632,1,1,0.6274298999676665,383.0,146
S0383,Compute,Azure,E1,72.06129301323733,5498,613,966.8820413865616,226.347578866887,336.25710554941264,969.7066245858108,50.2657084577431,0.70724048962718,3,0,0.62712614228124,946.0,147
S0316,Storage,AWS,E1,35.15117513018674,4001,78,410.6778131913621,98.78187876311866,191.00167058300576,817.3523285406787,62.015615514833726,0.885321263507381,2,0,0.6269006795352062,266.0,148
S0899,Compute,Google Cloud,E3,92.26244306656912,4212,939,674.8718655095367,137.2622088047669,96.03409104096198,686.1997738401088,60.66815340164856,0.6237530642849021,2,0,0.6267945424313096,667.0,149
S0527,AI Model,AWS,E4,65.59289105680278,4707,269,994.6361691449074,59.69561086034602,447.10884150275007,600.7781345625594,91.48343401325477,0.807320559527251,3,0,0.6256289438639072,803.0,150
S0703,Storage,IBM,E4,93.5554507687572,7643,420,738.5587740164689,55.32733176338508,441.8910628383925,830.4587989952018,83.20763825272411,0.9408612617581302,1,0,0.625626028907779,974.0,151
S0634,Network,AWS,E4,86.63027542315109,2185,516,337.25539228322793,122.05285099730234,42.2411267196671,865.8052766876424,89.96190471017292,0.648031920356293,3,0,0.6244794579040863,113.0,152
S0969,Database,Azure,E2,30.070613817670665,6482,979,596.2991853381261,227.09000515195825,39.36332610732991,933.1039398676904,70.83474198367334,0.9410833622355166,1,0,0.6243294842786622,871.0,153
S0661,AI Model,Google Cloud,E1,53.303281190165215,806,832,645.665642278875,190.380052504092,112.61465870270858,760.9427917571887,63.17535767604284,0.6380430442446312,3,0,0.6236190549797879,234.0,154
S0371,Storage,Azure,E4,67.56066037218027,1988,995,908.6580788457376,203.84117089036224,44.498627577231936,591.0026889298603,88.07294167180794,0.7241834677157882,1,0,0.623436566168395,493.0,155
S0782,Compute,IBM,E3,65.2619822032534,7069,122,944.1384025948254,160.00631227684298,209.46762189570032,579.1564659974722,94.35532562593352,0.9015281089455894,1,0,0.6229799986390345,901.0,156
S0420,Database,AWS,E4,42.85633215396,1028,432,869.487602373239,27.213922911548572,314.7489995407875,460.00511266163375,51.68248616995133,0.8223361430361422,2,0,0.6222217224680723,293.0,157
S0273,Compute,IBM,E2,32.35297650742219,1032,775,758.7709268870577,157.01503045834113,336.81319470871904,764.7184190789907,76.00914678661968,0.6249993676119159,3,0,0.6217953023507838,365.0,158
S0795,Database,Azure,E1,81.69010957881476,5102,320,959.8774611258578,268.4685536901294,224.63068021166137,895.9460952846953,98.03640441141216,0.977200754915533,1,0,0.621643521946397,836.0,159
S0912,Network,Azure,E1,39.91871247189546,7772,637,539.3143138447685,85.0721049614357,139.50687885913993,665.6300744643187,76.90337753674113,0.6335359706745438,1,0,0.6213209976951327,896.0,160
S0611,Compute,Google Cloud,E4,47.3445296148155,5631,936,732.8717187775699,225.24794537004013,138.0846851145935,841.3559044410317,80.56785065491911,0.6411985550529136,3,0,0.6205246508123422,883.0,161
S0601,Network,Azure,E3,31.584481041749285,6124,160,655.7523597900597,260.53697402070964,122.89358504213656,962.6790140863264,92.16866603375028,0.6524396786956035,2,0,0.6197697169483604,748.0,162
S0513,Compute,IBM,E2,28.537879510745107,7988,319,744.8706027885602,9.03019721382978,458.8081316304653,709.3687168544352,53.14287437361905,0.7215900375723298,2,0,0.6195206018960776,955.0,163
S0823,Storage,Azure,E1,83.20339266204161,3579,482,240.74208377192664,69.23002540646539,137.90391185256556,933.0304200997414,95.2200718258476,0.6628536675434995,2,0,0.6188048361463061,231.0,164
S0803,Database,AWS,E1,41.32055696956376,5057,211,582.0496917963213,156.2864319183669,284.2615436048736,857.4406168344875,74.25659538571674,0.6352230927357132,3,0,0.6184137697151119,622.0,165
S0234,Database,AWS,E2,69.0630951105556,2500,807,996.9401264034618,123.68057720779971,249.74683791528557,507.8868774850856,68.63025517885399,0.5173580760919473,1,0,0.618135220657612,595.0,166
S0985,Network,AWS,E4,23.748427149475905,6751,62,969.9197795152944,189.89730322808043,362.4078508419258,743.4935634127155,77.9912394441395,0.7043705183790613,1,0,0.6179483774839472,906.0,167
S0117,Storage,IBM,E4,94.72507532204357,4712,583,570.4109299836834,187.39578563266247,82.44769455256805,857.3504743671729,51.79463755944662,0.6326565534979207,1,0,0.6172017765868956,601.0,168
S0063,AI Model,Azure,E3,83.14989146675461,3172,349,446.1677927321842,6.131957924801265,360.3002346578714,821.570607928114,55.403874683319415,0.5552418139840325,1,0,0.616753121466773,308.0,169
S0353,Compute,AWS,E4,57.065933543772495,4685,783,834.0930115761502,223.55643417363925,344.0748939163428,946.375488366939,90.54140566811355,0.6207925003354167,1,0,0.6157388861682853,874.0,170
S0748,Network,AWS,E1,66.02030856780938,6380,845,330.4935173543194,8.515804978581418,242.61335229282432,848.6010125781689,74.38594341576848,0.6791447318119411,1,0,0.6155320990115555,764.0,171
S0808,Network,IBM,E4,43.81900964458375,6237,520,933.1640343539038,234.18365572043743,159.82050248106358,687.6604785290018,98.05104678826066,0.559027253630026,1,0,0.6147832190112607,928.0,172
S0604,Database,Azure,E4,67.76767380910574,880,984,622.4241862029996,136.09670744306877,348.6418763263871,853.2736357220547,84.28015332724371,0.8308953569072605,3,0,0.6130107363531057,342.0,173
S0965,Network,IBM,E1,31.047728320922776,1146,619,879.631704414512,23.639013573766817,466.7432588925199,563.9369237516795,65.07442076771797,0.9314312885646412,1,0,0.612720247438387,416.0,174
S0966,Storage,Google Cloud,E1,20.588119307893763,2281,866,952.9916217877526,185.2867493473176,387.41209516843793,729.5037283837821,98.40104806138142,0.7377081185520071,2,0,0.6123675918570766,619.0,175
S0165,Network,AWS,E1,28.87521431925405,6189,400,876.3668641124665,95.34902666636134,10.307483147943524,344.24658649871145,66.82305812886061,0.5564290824718485,2,0,0.6114429695564496,789.0,176
S0329,Storage,Google Cloud,E1,93.80827392773732,1072,94,741.1208197254135,148.9946753129518,17.690993742177028,497.7981601874513,76.17707969285408,0.9958894391673464,2,0,0.6113676451443306,143.0,177
S0603,AI Model,AWS,E2,68.43667897148632,2598,830,679.0036799662715,128.41201321065864,491.1295986172704,996.4819640329646,87.1449407049216,0.5379257786411775,2,0,0.6112711911877263,572.0,178
S0282,AI Model,Azure,E4,53.842950813574106,6191,483,838.8903770671237,121.25659506847842,426.2375706649921,749.4412505624391,70.20742158885281,0.6799412988772774,1,0,0.6110508105406735,950.0,179
S0499,Compute,Azure,E4,20.41293493703156,4826,757,420.9736901393738,33.608734942248134,229.27512142710987,694.8488111472327,67.40134815943597,0.756607870889776,2,0,0.6105522542442838,575.0,180
S0841,AI Model,Azure,E1,92.4535628846508,6295,950,421.7027260138681,53.79894487788075,308.9212392742982,902.684083780502,95.67554834156206,0.5572530982344908,3,0,0.610320254947199,852.0,181
S0459,Storage,Azure,E4,85.92341752117005,4968,839,400.19468631480186,166.4548995138319,105.28712439933372,973.9952742109248,69.07076718916782,0.7465091042407516,1,0,0.6102468359140878,617.0,182
S0635,Compute,Google Cloud,E1,65.22071573595962,1873,677,747.2893605509179,132.20709303497702,355.932780364901,708.7128055841126,94.93082704717354,0.8552123581933899,3,0,0.609682691844212,427.0,183
S0377,Database,AWS,E3,33.11610778819696,7919,325,534.4168264472839,177.66256435862184,198.0485044089305,893.2279130192572,55.55174615119298,0.5278364074769878,3,0,0.608515778860352,870.0,184
S0468,Network,Google Cloud,E4,53.25350107843908,1029,155,788.0660234468243,247.07457785062368,226.7443744446056,822.7365488864457,60.5463668053256,0.5371657756801729,3,0,0.608391602518329,233.0,185
S0817,Compute,Google Cloud,E2,38.51179019014267,7593,627,615.8884446598607,132.43686458171504,417.01152469618376,987.01176488212,51.71305613967522,0.71212285160329,3,0,0.6076758774298543,970.0,186
S0525,AI Model,AWS,E1,88.07082519174162,5352,471,557.75773322677,74.61899874322508,348.18382459612275,789.047301096805,79.35664007921005,0.9932238630133684,3,0,0.6076276989968344,750.0,187
S0554,AI Model,IBM,E4,20.759838802080758,6080,226,675.6659146707174,83.69775876905756,112.05606082523744,462.089360686796,67.20377466851778,0.8508568170330476,3,0,0.6071074473827055,695.0,188
S0388,Storage,Azure,E1,42.79598009305428,963,854,376.3242789013878,111.11735926352954,213.4262812680821,834.1854095064709,84.21643252276334,0.6184901591944924,1,0,0.6069072403221867,154.0,189
S0442,AI Model,Azure,E1,33.89976346465358,5715,989,377.8310462066757,139.832599483404,192.14622246206568,967.9144394205294,60.38853147198642,0.5442434478495071,3,0,0.6067985409466732,747.0,190
S0327,Network,Google Cloud,E4,92.53449614443778,2050,796,697.7072350820736,60.14477168522684,200.86285271325025,511.2227582685304,67.02205400497093,0.8359719429243251,1,0,0.6051987379074644,379.0,191
S0592,Compute,Azure,E4,65.08056251001747,5879,377,812.3635350433113,263.9191927542152,151.20061621313616,841.8954041634499,62.0980317837248,0.5754579913567649,3,0,0.6042909806147286,840.0,192
S0305,Network,Azure,E2,88.63175513052825,2426,883,814.1355397804384,298.67573556468056,17.76740269361939,871.3142745029794,74.57036317163342,0.9666551901741692,2,0,0.6042714091597373,497.0,193
S0973,AI Model,Azure,E1,57.54526783660307,6463,581,831.5230520701122,93.46290919099916,152.063133690184,434.95436713431474,79.17110075915008,0.5060623750438724,1,0,0.6041442449637091,907.0,194
S0324,Compute,Azure,E1,86.18122763055041,1875,193,494.14541755454377,188.24996504725453,258.7985544127055,982.3752156576728,64.73574234282344,0.5957467049654012,3,0,0.6038142608544228,169.0,195
S0156,Compute,AWS,E1,36.545896453340845,3187,848,804.8226969055905,40.1364280836313,467.8659062528317,626.3284532870744,69.94107634620286,0.8297228293578192,2,0,0.6036059500248927,666.0,196
S0745,Network,Google Cloud,E2,69.39053867525412,6707,799,813.9568348985922,106.20026109329692,472.7872070621986,797.1995927484118,87.6404497255505,0.89397046033645,2,0,0.6033966175071416,991.0,197
S0015,Database,Azure,E4,69.52270397760036,5226,770,560.7647271845085,130.6692682431863,225.68836106162465,746.1964204087948,87.45789115882658,0.6121291915756158,1,0,0.6028704176732057,762.0,198
S0147,Database,Google Cloud,E4,78.86727328336006,5159,231,551.9406919759286,66.06311236729215,307.8114349173747,705.524532743622,55.09762747901387,0.9260738739000058,3,0,0.6014362371164126,609.0,199
S0451,Network,AWS,E1,24.773068196498176,8156,539,916.630357059586,155.3486529871094,187.8042503276007,506.01758435238986,87.91513086052592,0.9403342312750742,3,0,0.6013824124455152,975.0,200
S0608,Compute,AWS,E4,43.34131212975451,6111,522,771.2308441254567,83.99877998417696,354.13923991565633,579.5578153011038,97.66600402171277,0.6293408869007142,1,0,0.599970537644298,914.0,201
S0274,Database,Azure,E3,44.76612986536232,1488,803,90.8506031014953,35.19828995204675,108.34929302775818,916.0116664158204,78.35643537661865,0.7675602538367025,3,1,0.5995598739289799,73.0,202
S0469,Compute,AWS,E4,65.53171840390655,5956,320,621.752244247835,120.7187772494464,337.6487335999676,755.6897126424058,83.62612021190697,0.988684530388818,2,0,0.5994856315314449,806.0,203
S0142,AI Model,IBM,E4,81.87870576350466,6854,279,557.2347443532473,186.16928697531785,168.4869989990964,829.7982248696084,85.26533212679635,0.781406305476815,1,0,0.5994176030478746,809.0,204
S0108,Database,IBM,E2,22.64835162051793,7737,918,783.7993244044351,117.24215622044558,49.52818602167691,450.7383437465208,56.42578342220583,0.8875804642644685,3,0,0.5989992481785665,947.0,205
S0931,Storage,IBM,E4,24.927114421577432,4746,660,809.7869892271414,7.077659814121849,432.32136224794607,525.2829806742924,59.24630093864087,0.5165260974397199,1,0,0.5986531748693676,808.0,206
S0612,Compute,Google Cloud,E1,36.34194156912426,6206,51,576.0714227766207,8.715938375177153,473.833300661386,713.2651676791598,98.20270650657446,0.9176532304292252,1,0,0.598645311479655,742.0,207
S0157,Database,Google Cloud,E2,64.86689705478041,3692,140,254.05470658160317,46.46140275868516,111.20185794628314,723.6708319116406,76.10632467160885,0.9572288254404706,1,1,0.5974574223753593,144.0,208
S0082,Compute,AWS,E3,58.127041018721,3164,554,569.765767931665,132.10319123776986,321.2798438059496,769.329663697871,94.44212558692658,0.6832284603765957,2,0,0.5972996598270995,437.0,209
S0303,Compute,AWS,E3,79.84356197119206,7775,994,899.8000108399742,210.25951524751991,251.8051990557101,750.2103417619664,78.60273195906908,0.7784625511951033,1,0,0.5967119869343779,997.0,210
S0542,Storage,AWS,E1,47.67897663206874,3506,121,984.1911991363388,176.45856585936806,460.1861793540832,705.1565936759608,90.36054982127088,0.763259723866618,1,0,0.5965915877357432,641.0,211
S0458,Network,AWS,E4,82.19650994875667,3273,826,332.4279540433137,19.89968075292793,177.67133882174215,685.0796560934336,96.49292502502806,0.8010843846944417,3,1,0.5959050197362545,315.0,212
S0373,Storage,AWS,E2,70.71331715565755,3919,413,703.4274811649389,104.98870872779236,256.5577918551588,583.5051429185627,50.22522404901444,0.560170220121526,1,0,0.5957013181502384,534.0,213
S0057,Database,AWS,E3,84.6027497272577,2881,286,699.7281603223811,220.01659232406064,71.3627125580859,666.0321684723631,83.98628980008792,0.509761285348997,1,0,0.5951232747313931,335.0,214
S0189,Compute,Azure,E3,30.01099793119578,3587,405,622.584356270595,78.4016129708799,428.0561480063222,703.807973437349,90.28964329791174,0.7449140302733612,3,0,0.59480317818295,505.0,215
S0825,Compute,Azure,E2,79.16993538320054,3491,775,633.3320614892067,19.18329570350281,378.6493942406584,600.6508352917273,99.36072274155704,0.5373308223226121,2,0,0.5946613208025718,585.0,216
S0084,AI Model,AWS,E1,62.37664946442621,4336,244,799.2389618529752,218.90779218032824,111.33086126163062,613.3335659190604,78.16279219128417,0.9821917093920188,2,0,0.5946432324327636,584.0,217
S0103,Database,AWS,E4,46.65384265143045,1617,529,425.8040333405909,69.64218907788626,66.72242266069907,533.4946919588219,88.16538076061053,0.8924778076432538,3,1,0.5931586397394164,76.0,218
S0001,Database,IBM,E3,73.72425410470117,6966,458,684.5394831089353,161.67730141957065,473.2924816741551,992.4710263617884,83.07239083065505,0.8039788513418047,3,0,0.5928888683456686,964.0,219
S0787,Storage,AWS,E2,57.73129630848773,5916,260,986.6974829732663,88.79722476692656,54.34319243697471,252.24954192699377,77.67451350994119,0.7539250715687407,1,1,0.5928010316633351,778.0,220
S0656,Compute,Google Cloud,E1,92.48130393998056,1001,892,40.62157257963037,53.24836938640527,24.924325954543438,963.5219242961348,92.85964767934028,0.6523614030264893,2,0,0.5924378603947345,77.0,221
S0301,AI Model,AWS,E2,63.31950244108681,4711,883,895.4603447620221,115.03495149222458,497.8533392151263,744.3816341363816,56.30975455131183,0.6591274986397104,3,0,0.5923349831070982,911.0,222
S0847,Database,Google Cloud,E3,78.63678975087018,3517,352,534.7618305012151,140.05245510496596,209.13908053248772,710.0862003617196,82.40733715244889,0.9558091027517142,3,0,0.5923153236386555,378.0,223
S0271,Network,Google Cloud,E3,35.10228366019808,7422,665,585.383469483747,98.62971075822614,66.42633582740648,504.76663454086565,91.94439495628872,0.8446308177329775,2,1,0.5922985955977835,865.0,224
S0202,Network,Google Cloud,E1,25.17185122673159,4788,187,497.3099920305842,45.36932414297526,37.16216458120458,433.77746913792936,66.38856029206094,0.647819165889818,2,0,0.5920986970577671,385.0,225
S0756,Network,Azure,E3,28.324857409348613,5229,509,274.7411256873866,152.806869910458,37.97643264984313,848.5734416345323,78.58183089870663,0.7247413810505399,3,0,0.591429232654956,448.0,226
S0539,Storage,AWS,E4,28.586572854942883,7758,471,459.7356128219243,119.6866817941711,285.1048051872309,821.9820071337632,78.88307183598317,0.8821221106099059,1,0,0.5911615086008287,875.0,227
S0649,Compute,AWS,E2,53.03310127343181,1526,357,250.1524834130869,41.76094877510657,150.515770003363,697.3871096540083,89.34843242183712,0.5897226187904265,3,0,0.5909487933768804,22.0,228
S0098,Storage,IBM,E4,35.302672597167415,627,839,287.0937257239626,177.10934811043836,69.58657708054798,893.164812340093,91.322682622749,0.9375604961912472,3,0,0.5907670162968487,96.0,229
S0964,AI Model,Azure,E4,24.665241962352702,4828,758,508.67130321323,147.52472044182235,402.0747977119578,955.5753198421712,81.36585391789822,0.8607769412967305,3,0,0.5899530212060551,743.0,230
S0141,Compute,Google Cloud,E4,40.23655400961607,1211,126,696.8675013977377,253.42152443263592,112.99406467223471,720.4710984851356,64.61955119238702,0.6869639348533919,1,0,0.589494797749273,157.0,231
S0252,Database,Google Cloud,E3,73.08763229223266,4323,124,596.0966743611722,298.01323294677525,70.60851680074276,970.969395675644,81.33293195456704,0.746538354893787,1,0,0.5890877965493078,461.0,232
S0935,AI Model,AWS,E2,76.05833049475206,2616,736,345.929607299154,205.2717644706916,71.22871738116885,956.9081526804198,75.46112691635389,0.7922882363757535,3,0,0.587938257841176,230.0,233
S0067,Storage,AWS,E3,33.30715771022801,8130,642,459.8591229351533,21.08101859415876,482.59923026168855,883.954945465736,65.8002361433197,0.7511374322976937,1,0,0.5877244837366566,939.0,234
S0408,Database,AWS,E4,23.1518506378554,5071,98,620.2638955981514,96.85767226831238,452.4836580114777,757.6220905429656,65.99397883338817,0.882666215467272,1,0,0.5874229429338257,644.0,235
S0559,Compute,AWS,E1,74.29797915995704,1328,886,419.5418921954077,45.99585260655425,444.1018360772783,870.757080909035,94.38621989466604,0.8206966243616582,3,0,0.5871612955544204,271.0,236
S0804,AI Model,IBM,E3,30.037127224976985,996,400,314.79538402162376,106.27378591274358,185.9103763588392,739.8800096689998,98.68902504894643,0.7001777971349792,2,0,0.586817230685381,35.0,237
S0413,AI Model,IBM,E1,41.916367284642334,2890,150,733.1875527074764,186.44406580805432,471.0311541073275,900.8619454106432,53.13610857072294,0.6098095227396686,2,0,0.586304321967581,459.0,238
S0285,Compute,AWS,E2,22.037556591916985,664,424,815.3001375010215,15.388476190029431,490.73783601161966,498.0800236459023,70.13880671741666,0.7979739753963071,3,0,0.5862713872447938,290.0,239
S0889,Storage,AWS,E2,45.30091600768195,704,157,752.7581861464423,7.018020703767247,442.28081124122536,472.5181032919119,80.87313739566106,0.6745801932828749,1,0,0.5861955804270046,212.0,240
S0463,AI Model,Google Cloud,E3,43.77099408433395,6205,579,428.4294734510688,100.67701934540516,345.6529824649576,874.2595339842122,55.269846741457,0.6249381050827388,2,0,0.5853203839952065,788.0,241
S0736,Storage,Google Cloud,E3,82.13519745868378,2842,154,373.2917929371285,104.77813535859904,311.957918172,857.6633479447952,80.0693492990893,0.8634317830089031,2,0,0.5851832335542382,193.0,242
S0073,AI Model,Google Cloud,E2,29.879658009092143,7944,907,311.4476074214613,148.77841029325265,59.22419934367453,868.7813915650178,54.74768237091655,0.5541446782414584,1,0,0.5846077470531554,817.0,243
S0177,Network,Google Cloud,E1,40.48031074796093,1902,975,450.082970519658,56.50400611791999,57.353886240787,481.50369877698506,93.72072770982392,0.5108694190318537,3,0,0.5844061987153487,214.0,244
S0164,Compute,IBM,E3,78.9238713560174,1126,724,651.6239841887822,222.92933533669944,155.47888039134105,753.0169101503022,62.49268980391648,0.8973988774103883,3,0,0.5838730103995803,248.0,245
S0630,Database,Google Cloud,E4,87.50623872623605,4945,673,261.99513749244454,35.80253400194482,251.2768620101245,822.4924889456234,88.20184115837358,0.5013506084170818,2,0,0.5837974719720994,506.0,246
S0178,Compute,AWS,E1,58.85590746791116,7959,557,509.5728343616186,213.69075117277004,144.34037845942706,870.2585137956789,92.55018833986244,0.7602852721495867,3,0,0.5837344551158614,908.0,247
S0314,Compute,Azure,E3,93.76411045364163,6968,709,831.4256376584082,252.38962182251885,235.39101814226944,826.9581302440909,82.54331976270703,0.7192199224807626,2,0,0.583398639447566,982.0,248
S0335,Database,AWS,E4,32.16750543368595,4799,137,431.6783313822701,190.10303013599147,107.51553426344226,769.5538482046586,84.75982298516055,0.7772984427729949,2,0,0.5833015161184019,413.0,249
S0250,Network,Azure,E1,74.21107274063628,7726,937,403.9053338014528,73.25050446652567,124.841344432159,680.8956375904964,71.39573450938927,0.8998392068268006,3,0,0.5831649786405974,869.0,250
S0805,Storage,IBM,E4,67.21682726688024,1157,483,482.4280786237817,101.9283366560268,406.0953330240562,849.7340961469995,50.40991605654811,0.935197954112851,3,0,0.5824665113623538,181.0,251
S0700,Storage,IBM,E4,56.92441100008865,5482,282,887.0548555424507,173.79072872621208,281.4452754403547,565.4466799088011,67.8310899413026,0.637563878688046,3,0,0.5822396617723574,819.0,252
S0846,AI Model,Google Cloud,E3,27.90236916881424,3872,413,870.4831088290564,250.74510786261564,121.3317621376822,582.3790061289457,89.22040583091018,0.8359460078181863,3,0,0.5819993641731764,600.0,253
S0002,AI Model,IBM,E4,25.4063251999005,1381,981,940.7813593395616,224.98671153041224,319.7388597386692,647.6894922718031,94.09516423817296,0.5523812682257201,1,0,0.5816526084671448,507.0,254
S0872,Database,Azure,E4,68.87298203579574,3900,598,824.0058314512405,30.600971449172192,430.3044314351544,489.55344010343566,82.86594125781363,0.5654381667288435,1,0,0.5815002926745846,701.0,255
S0958,AI Model,Google Cloud,E4,45.88941563706579,7489,802,838.0567137557831,47.36830653030079,259.2551358351988,394.38424475601744,64.71468869943703,0.9389023993044924,1,0,0.5812191674299264,978.0,256
S0402,AI Model,AWS,E2,84.84227071420025,4209,911,941.6377774379932,219.42868731123264,495.46691660267726,928.728100823283,66.38274818418078,0.6312861857179786,1,0,0.5806251133641132,890.0,257
S0715,Network,Azure,E2,24.68431952143036,5972,322,363.0056126913109,32.07439390899687,231.6529888545709,641.2008053861242,58.73542960243928,0.5779403487649029,1,0,0.5802018425526267,581.0,258
S0923,AI Model,AWS,E4,83.52956202379247,1229,539,542.2087794356402,280.9503232123176,77.75875496832639,936.0090094262854,67.56219161416641,0.553279740233884,3,0,0.580143311095361,174.0,259
S0768,AI Model,AWS,E3,25.467637652592764,1541,637,854.7959243931999,156.63689411357038,486.61748419793184,696.997606143923,91.70557916331626,0.7813204986240497,1,0,0.5799835727715517,467.0,260
S0434,Network,Azure,E3,42.49393336302386,5333,241,534.6706376112064,192.59367588437283,374.8525182219072,963.7716306305988,71.84774305418489,0.9845188131512768,1,0,0.5797534064474194,686.0,261
S0599,AI Model,Azure,E2,86.75727763878562,4529,364,957.6249938840422,155.19494681187174,40.615083065332215,326.18619223963185,86.94729232893638,0.8366021230079047,2,0,0.5792146825061001,664.0,262
S0505,Network,Azure,E4,80.19392596848596,5557,958,789.8647664193462,85.14093645227837,453.94934481173794,672.0321779219838,68.088500288649,0.7733397499443935,1,0,0.5791453849849306,953.0,263
S0401,Network,Google Cloud,E2,54.52687034014447,5058,142,122.9985696165358,13.972684838350553,339.82456058101906,983.8689981725404,56.50131278250663,0.9947599797504336,2,0,0.5780424189650315,367.0,264
S0836,Database,AWS,E1,72.78928187257483,658,351,179.8804033945381,108.47939878804208,148.93852534572736,888.3466851959787,50.59489161225778,0.6595374861603631,1,0,0.5766742652792956,11.0,265
S0501,Database,Azure,E3,36.43016068263933,2030,394,483.5521268538503,43.12102103031106,460.6211049337564,730.8826564792598,73.52366598385784,0.5898043694136514,1,0,0.5765060840211969,232.0,266
S0710,Compute,AWS,E4,28.19481577322161,6385,112,10.920122701261452,27.113212823653853,67.1776687685909,840.6271513730195,74.39114186909406,0.7196052554659373,2,0,0.575665965814616,400.0,267
S0517,Storage,Google Cloud,E1,57.0159935255089,2254,600,856.2577210112688,14.554795643918542,341.95704357758694,333.4208564081238,76.90685338554425,0.8889922129942271,1,0,0.5753683780200978,451.0,268
S0558,AI Model,Google Cloud,E1,85.52739450997588,5638,304,768.3118591066273,247.41696301069013,162.39343179873484,703.5145868825581,97.7621384143672,0.9482857624846388,3,0,0.5752262868601182,790.0,269
S0006,Storage,AWS,E1,75.31312695942552,6021,363,900.2677553354426,246.99560600342429,377.7666402393314,823.8369515078276,78.74195189299374,0.8919597924337699,1,0,0.5751071067124844,935.0,270
S0946,Network,Azure,E1,36.90359510050744,3275,823,763.2771178947946,235.61005175640403,188.96168386587212,687.0134811807864,57.34544545114635,0.7331968086801903,3,0,0.5749168995051633,589.0,271
S0447,Network,Azure,E3,63.71051263126172,6870,194,507.4659680586627,172.68742652749847,90.172079483852,686.4714278918239,56.23487235618016,0.532042293802033,2,0,0.5743404989744513,713.0,272
S0432,Compute,AWS,E4,64.87681132233192,4072,239,261.718619130416,41.770991552879934,51.72038191248025,577.0845066781409,94.8764311188432,0.8132428199853787,3,1,0.5739718236100393,187.0,273
S0848,Network,Google Cloud,E1,68.3111916106937,4064,520,473.3006578532629,81.39367348236769,427.1179720074096,805.997394617677,87.41035591975637,0.7510810053818266,2,0,0.5738571012031426,529.0,274
S0146,Database,Google Cloud,E2,45.06787390220456,6809,380,911.6946442601152,177.25619033203492,114.38730672319944,400.2677778037632,99.55282543695436,0.8448508211823116,1,0,0.573812404990007,897.0,275
S0480,AI Model,Google Cloud,E2,65.0488299911267,6320,780,197.39080945684933,81.31972948761218,213.0726830144824,925.888102166914,58.49949065088187,0.5870920940340083,1,0,0.5735407634217731,668.0,276
S0933,Storage,Google Cloud,E3,38.49527262335185,3501,57,541.6709015945545,27.65472686458653,211.0434734425338,422.36935326073984,67.07630377106818,0.539409038621392,2,0,0.5731010002297349,237.0,277
S0333,Compute,Azure,E2,86.14458187284829,2668,230,264.1760613466604,190.40814021968012,55.33314437971628,918.7998461119532,50.98628732315878,0.9158790704011236,3,0,0.5720605692096001,88.0,278
S0596,AI Model,Azure,E4,32.51451512740646,2936,735,526.6654848763637,229.29682531422063,26.09978189279421,693.1279146954771,86.53420487103882,0.7189819819812842,1,0,0.5719759132708383,325.0,279
S0358,AI Model,Google Cloud,E4,81.94836595310613,5308,358,302.7083888789029,149.32204015122616,61.36951613093574,792.55367317105,68.34990736341103,0.7982580003493154,2,0,0.5718217302914136,446.0,280
S0150,Database,Azure,E2,58.79517923312071,2691,599,413.638612958573,110.0474601240944,383.641678510012,844.0939877199303,91.05391809991204,0.701154766895733,2,0,0.5715208128881588,316.0,281
S0227,Storage,Azure,E3,90.26168465248188,5451,364,655.7129996011163,38.69995588446177,100.3732433862898,332.7948206342534,94.64822958524137,0.7205580820491668,3,0,0.5714512626820554,643.0,282
S0696,Storage,AWS,E2,35.24173183145655,7893,241,561.8309146710453,247.23701529250243,154.35563314082347,862.8094493717853,53.29470091059599,0.654990068217735,2,0,0.5714022331347357,847.0,283
S0515,Database,Google Cloud,E2,58.05589540383566,7573,359,602.0290261554621,13.538573439293282,104.4186363995543,333.15469320506907,84.46220099810115,0.9314396420496124,2,1,0.5705647036592982,813.0,284
S0566,Database,Google Cloud,E3,51.65256950957293,7916,815,554.3655365807542,156.65416662602468,174.80940609063515,670.4798966272626,95.39363384676204,0.6876232042970252,1,0,0.5695638564328679,944.0,285
S0376,Network,IBM,E1,25.223086112180432,5132,812,942.1610842065944,88.28258109216246,255.56973841417027,320.4533734670581,66.21254369259853,0.6117639111507557,2,0,0.568258490835701,862.0,286
S0631,AI Model,Azure,E2,28.71042201503942,2141,616,478.2972283095905,172.85004231971624,419.9975462104551,959.9387066015126,50.90189547523222,0.7163006629784636,2,0,0.5675969333759718,312.0,287
S0260,Storage,AWS,E3,70.17667529968313,2503,906,864.3789556065547,90.56298831250604,232.25067671143563,360.5485999028262,65.63803637109079,0.7010655775144382,3,0,0.5674767033708754,519.0,288
S0320,Network,Azure,E1,31.407821241670465,2632,689,469.1761072304032,16.0321121705952,442.3805013574564,669.9719144546681,59.90154733155468,0.7951565861625343,3,0,0.567394916140369,355.0,289
S0482,Database,Azure,E3,57.96995446214021,4166,894,754.6074125481355,239.28379186856915,451.15299739150055,962.5401095072632,80.3979675416171,0.8476370664722084,1,0,0.5672649608616822,828.0,290
S0732,AI Model,IBM,E2,91.8086014278572,5760,318,965.5575421602778,284.329657920602,132.44492715114106,627.9325442050947,76.89597631646215,0.883584070172176,2,0,0.56643428905907,846.0,291
S0589,Database,IBM,E1,43.91501137408541,2938,322,616.1530080369337,147.64720598315887,499.7392681592642,850.2527671274058,63.06641979704509,0.8006584121680755,1,0,0.5660969800980344,445.0,292
S0686,Compute,Azure,E4,85.78179357636417,6180,902,583.1878700886037,43.08042756702623,174.8329244674256,447.01210960563895,92.96664098618758,0.8932718279550237,2,1,0.5653393500311465,842.0,293
S0220,Compute,AWS,E1,50.832170195053,6146,969,384.3197620895763,87.99843344688328,439.88177073458746,925.1045998598216,86.52081325098678,0.7616292564693287,1,0,0.565323120132425,845.0,294
S0809,Compute,AWS,E4,20.0101019753364,5269,181,934.5272834177864,25.88347362329646,45.69419579714788,79.87365730600015,50.65382670873074,0.5281374940556204,3,0,0.5647553784125832,634.0,295
S0363,Database,Google Cloud,E2,53.77632341790595,3484,113,602.6091563306242,72.96405861883738,392.48063565226056,571.2025899348544,96.43646846386676,0.8172674666830538,2,0,0.5646656734196629,406.0,296
S0874,Database,Google Cloud,E2,43.67205078225125,4902,492,735.5305954585127,53.65553792155566,12.01203941974974,220.6630500709251,57.648093530287184,0.6341410977697439,2,0,0.5646647297800544,587.0,297
S0288,AI Model,AWS,E4,88.191515439617,3428,256,503.98140574462826,52.37514003777603,380.7041919408579,642.7615339604135,85.43404192559525,0.8164669402355224,2,0,0.5646590978152031,370.0,298
S0199,AI Model,AWS,E2,76.35313145217842,1092,758,528.3645416810856,257.5203170934801,177.07361609661749,893.4460264632361,67.91812678289142,0.6788924629208831,2,0,0.5645124750258445,216.0,299
S0473,Storage,Google Cloud,E2,37.80751012811047,2500,574,234.42374555417445,23.85077790427028,126.36816075747792,597.3513633346679,55.54974069609053,0.6703334104108722,3,0,0.5644699375736929,80.0,300
S0184,Storage,IBM,E4,83.14501750938564,5601,464,641.5228558074319,217.734045420263,31.809429245323955,611.2750811507323,72.84694249491244,0.5691326719384355,3,0,0.5644065136568337,697.0,301
S0987,AI Model,IBM,E4,93.58943968730868,3818,433,702.6005676932929,194.89734286585903,262.0816928567544,696.2258661515939,54.13335189932712,0.8403019350595766,2,0,0.5642366831895,562.0,302
S0038,AI Model,Azure,E3,76.1054884572149,3313,853,449.4647939967125,64.63407277145487,116.68520041146208,509.232124696854,74.15059277741894,0.799282175079155,2,0,0.56382076249576,368.0,303
S0395,AI Model,Azure,E2,39.52151431745023,4920,968,472.06081283027095,228.29365950572523,150.71073491397314,841.5492035599115,85.80743894378473,0.8584876367767742,3,0,0.5630379371429612,691.0,304
S0666,Compute,Azure,E2,86.02360716116952,2229,121,322.91690700483144,83.33949141366202,480.2940553544802,961.1566773964792,83.06801968306529,0.916118970780614,2,0,0.5628337137443985,185.0,305
S0667,AI Model,IBM,E1,66.755446861958,3108,716,630.6987501834294,242.9982030463864,341.3170933921882,934.535775982614,55.38961236827706,0.6423051322800886,1,0,0.5627410777154408,538.0,306
S0897,Compute,IBM,E2,20.744286584587677,7886,487,878.6776053371372,257.8435971849252,95.36323078498158,543.4278010192943,91.60473680415576,0.7876041465314005,3,0,0.5625713517582552,952.0,307
S0355,Storage,AWS,E1,45.140603552815456,2336,325,479.42265330926654,197.80809716310387,349.3318662529845,878.5530943710312,96.32738903754876,0.8980929742169351,1,0,0.5620576588087017,242.0,308
S0518,AI Model,Azure,E2,72.66940745237483,1818,121,952.8911529366771,104.0738286765982,267.6274649747805,299.87454395564487,73.44094790076207,0.7465145522605197,2,0,0.5618341296307423,356.0,309
S0206,Network,Azure,E4,38.52340993039999,4344,622,793.5489054806238,89.92450503055585,365.7700497706125,464.7526356547332,69.8363800234193,0.8709163568643299,1,0,0.5608224744943053,736.0,310
S0830,Compute,Google Cloud,E3,92.30588123675813,7690,343,995.5194108233462,70.57341615838266,155.72273271037494,210.92667464999963,82.42635134121014,0.7063349720017706,2,0,0.5607206449676175,930.0,311
S0744,AI Model,IBM,E1,77.66920865807307,2425,404,922.2982579883436,21.842829682843394,279.8383408206169,217.23769804722212,74.85446546753985,0.7599990620184609,1,0,0.5604022093010008,441.0,312
S0978,Storage,AWS,E4,54.4748652801996,5251,803,407.48263445922754,120.13718642776728,188.02806032224976,678.7844686424567,83.3318036205621,0.525011133458279,1,0,0.5599819871568663,651.0,313
S0827,Storage,AWS,E4,52.53630646823972,2248,495,140.96506817452786,9.320902545383587,263.33307877275723,752.6406004203452,69.7330043974973,0.5103217197728966,1,0,0.5595938220179044,70.0,314
S0152,Compute,Google Cloud,E1,31.058939502971292,1385,76,179.58200824345366,85.8655073266642,140.453435734417,692.0979916887002,83.70036782313557,0.5591770506632938,1,0,0.5590582245588323,3.0,315
S0645,AI Model,Google Cloud,E1,61.52836140185084,2946,741,190.92365432756156,12.98893443266506,491.8597380256805,972.9405389639322,80.43614710891082,0.9752672372640834,1,0,0.558780597551924,321.0,316
S0538,Network,IBM,E4,71.49424351194551,5428,657,593.322468204377,199.69806778991855,227.04599526648704,751.9818813244073,53.22679419223381,0.6431830339435793,2,0,0.5587774936962143,782.0,317
S0024,Compute,Google Cloud,E4,48.64547297396719,2921,141,968.9878595186136,61.98220248048766,37.30671299348239,59.29041129047377,87.33354823933185,0.966612530659564,1,1,0.5586586199670123,407.0,318
S0294,Database,Azure,E1,48.531500563067176,3122,215,892.2880723329664,254.2664018238299,339.5957283281271,672.8479415086016,83.6100331782556,0.5926769878609248,1,0,0.5581785612231256,540.0,319
S0109,Network,AWS,E1,75.9300337048424,665,389,320.5694469315446,36.30704771984367,339.45065114500375,706.7366808684675,51.30791711617099,0.9018175735768468,3,0,0.558019439406999,46.0,320
S0880,Network,Azure,E3,41.55571973491848,5900,620,249.75290384399585,10.212663214652997,97.161099775708,540.6221248076804,72.3997727334434,0.7550301142720719,1,0,0.5577353169617079,515.0,321
S0975,Database,IBM,E3,25.71794134801733,6714,759,417.0920265397356,192.3042703847344,199.93606634920508,822.9349396816833,82.77078484014275,0.8594041174745823,1,0,0.5575558109461108,827.0,322
S0942,AI Model,Azure,E2,60.83617496001972,4319,898,720.7533640307008,23.219903955608917,82.54928214952653,227.2495742909593,57.89153630905615,0.5679162142066329,2,0,0.5574604138306407,621.0,323
S0221,Storage,Google Cloud,E1,46.050749469413205,895,700,151.96141631078362,139.9847230138774,152.27732382967366,880.6961534833445,76.64382173483737,0.5225579393007298,3,0,0.5573956049434006,45.0,324
S0359,Compute,IBM,E2,27.547810889265,5366,680,933.2191434589264,44.33661785832927,141.29194755235545,148.33729965582444,55.30627092824512,0.65907609290208,1,0,0.5566225354346458,805.0,325
S0644,Network,IBM,E2,31.560878238386533,4269,433,697.0772399646846,136.16515908460187,307.7659641148974,531.0330256167717,77.70643581052282,0.5475232293308427,3,0,0.5564507546105344,612.0,326
S0711,AI Model,Google Cloud,E1,84.04714752165665,632,153,904.1913910712602,70.78789794245124,331.4406637800236,311.0579202295055,65.72907732731136,0.9216310214108822,2,0,0.5561845668940745,250.0,327
S0466,Storage,Google Cloud,E4,65.14425732613486,6672,962,896.1146359627334,214.155445841282,47.59446573345117,432.53764784129794,77.1769823287538,0.9945927874323915,2,0,0.5561489288174765,943.0,328
S0171,Compute,Google Cloud,E3,33.83571898502295,6521,852,659.8220007909196,247.38426308479183,59.92695944606088,636.0405181669224,88.827873589261,0.6840428188331071,2,0,0.5557196420238297,878.0,329
S0522,Compute,AWS,E4,49.59320566982348,8031,236,479.6905446845277,213.11955727856943,36.31156851366035,699.2627627012212,58.03015732148245,0.5283599767758689,1,0,0.5552969266855803,779.0,330
S0860,Network,IBM,E1,51.23783239279092,4748,394,318.45602218640664,25.956039313985663,355.6246213951179,710.4954807176618,51.5810019118732,0.8669476854497966,3,0,0.55525045189989,450.0,331
S0092,Compute,AWS,E1,38.50091483912173,4186,427,86.03936665858846,17.1151109731696,430.48807326306064,974.6982378446728,83.17510347026285,0.7784402950739828,1,0,0.5552365964709262,320.0,332
S0339,AI Model,IBM,E2,73.95152167768688,2009,980,676.9647162067349,74.49852733217986,79.2094120330131,299.8843686619838,87.88674722511469,0.9142222692771927,1,1,0.5550902407295663,353.0,333
S0948,Database,Google Cloud,E1,30.560221166950704,6840,415,866.0058310567182,81.89518817571629,396.31577016300713,412.1684551361329,87.64085130444049,0.7145952909800173,2,0,0.555089171471556,948.0,334
S0963,Storage,AWS,E4,73.07910127006457,6591,55,609.8669334601049,95.23896991214838,406.6194693467793,649.4824669264465,61.84064637268846,0.8243228295310314,3,0,0.5541427922863027,785.0,335
S0484,AI Model,Google Cloud,E4,25.319916210033007,2946,250,837.0188049814036,281.6037350875812,61.55758206670317,533.6277371381475,58.18120001051169,0.8469403443541612,2,0,0.5535410763989863,408.0,336
S0595,Database,AWS,E3,48.0914665265091,4650,328,378.3990130892817,84.98696474727348,56.39368534734958,485.7174031770221,81.81094143346724,0.6415084829418848,3,0,0.5530820780756276,337.0,337
S0949,AI Model,AWS,E2,66.68102311744974,6503,575,127.4740083297934,32.29592353818215,410.8710424776567,991.1769306919498,64.09996763424859,0.6524065723225663,1,0,0.5518180432296421,659.0,338
S0807,Network,Google Cloud,E4,76.14839255946501,3601,189,981.4291814809076,100.08582321848034,400.0228939042977,350.7681573900406,96.55602259716753,0.8001265164667526,3,0,0.5505959754088253,623.0,339
S0390,Storage,IBM,E4,90.3728613836362,3734,857,792.1146931442831,216.62201214572823,101.88833922696163,506.102436554672,83.39031099933084,0.5944346914077743,2,0,0.5504022939792365,640.0,340
S0610,Compute,Azure,E1,65.43344370895178,5678,321,20.96776706836658,31.988817924300324,184.7383673084492,842.7076639104552,65.442363739081,0.8607882630425134,2,0,0.5501947176629678,386.0,341
S0267,Database,Google Cloud,E1,80.48027129246296,3785,888,609.426438020686,55.71420452949578,420.20936245556254,604.7302122378542,51.44181634608527,0.9804520770644798,1,0,0.5500745714593499,646.0,342
S0334,AI Model,AWS,E2,52.061726594046135,2742,264,806.0547129372569,68.47090837909639,59.46139652263544,157.40031944278462,56.75915270857151,0.7348996103392664,2,0,0.5499271568474472,298.0,343
S0932,Compute,IBM,E4,37.11765226202744,4276,257,740.0358448688268,242.62133357951208,286.4989158493816,694.9558001186971,55.67936586893374,0.5005657375604351,2,0,0.5491910423873801,602.0,344
S0811,Database,Google Cloud,E4,23.51389313957024,4896,737,474.1019817017231,243.71246707873863,203.33005334787285,843.9939173118712,82.68822515466181,0.7894582662963587,1,0,0.5490106092587975,658.0,345
S0919,AI Model,IBM,E2,20.101521928660112,3506,434,77.96217948639352,93.36911428639468,86.88946329824131,762.0405943989416,66.95822662625169,0.7572019343730922,3,0,0.5488314829046913,110.0,346
S0605,Network,Google Cloud,E4,45.54531249359688,3316,278,572.866733048566,94.46846712433548,442.76459593256817,630.411524460642,87.94444250702233,0.7241140072630445,1,0,0.5477939432884675,421.0,347
S0876,Database,AWS,E2,49.63481807086275,5463,919,725.556754615306,112.94029309225324,214.15165833273775,415.9044963839135,75.51235499015728,0.6567875660320154,2,0,0.5476142081345661,848.0,348
S0621,AI Model,Azure,E2,48.81550347393502,2762,547,939.2781651604386,260.53869672896275,274.6388677418759,566.9739915279616,89.0976308486076,0.538919576555257,1,0,0.5475147720457918,569.0,349
S0066,Database,Google Cloud,E4,69.21213782608037,4956,385,623.1500195955423,175.7947694872623,481.4843259568129,857.9860693782133,51.87761600300228,0.8264963657708588,3,0,0.5461391532712183,753.0,350
S0694,Compute,IBM,E4,48.14974309397015,5836,982,273.3377161617314,44.39259878242108,165.4716020501936,594.048675063855,97.98130768948656,0.8519710412109811,2,1,0.5460036586247192,657.0,351
S0479,AI Model,AWS,E1,91.28982894396526,4314,267,135.82527781625484,120.90825400344352,71.59589419093668,794.4047000057395,64.22978972679593,0.8610487231339403,1,0,0.5453379334637032,204.0,352
S0579,Storage,Google Cloud,E3,70.47249667958243,4002,994,631.467960748363,87.08895994153704,336.27030544597585,544.4332875324139,59.59180573005053,0.7880404395072469,3,0,0.5449167774095268,684.0,353
S0733,Database,Google Cloud,E3,20.664746383510167,707,357,433.9021004685012,86.17518318398005,184.56244835585224,472.1345862926202,65.48409791564757,0.8299013507001582,2,0,0.5448874070346195,31.0,354
S0286,AI Model,Azure,E4,24.890344344536903,6266,108,925.0117318570848,225.12299337292032,372.7853655010997,593.0463086931072,51.81036307436925,0.5156807844022941,1,0,0.5447610725545156,864.0,355
S0455,Database,Azure,E2,27.03929636175172,6423,230,681.7062569640755,283.88463663635946,247.0864853162794,782.1573722222222,81.99781925572853,0.8563858967584522,2,0,0.5445313028772597,833.0,356
S0400,Storage,Google Cloud,E2,53.52916578548191,886,953,115.2739243747449,37.78950953607699,459.6243411683311,983.028425214343,59.03313494512047,0.6784686489740674,2,0,0.5440718600967017,175.0,357
S0430,Database,Google Cloud,E2,55.15759740983794,561,351,107.60828793951713,213.15651491136643,60.22320130271428,931.2908144245432,95.16505636943796,0.8046518594782537,1,0,0.5438309673733155,7.0,358
S0440,Compute,AWS,E4,64.49161775805382,6944,969,562.7687919134725,127.25047732695606,339.3057448476273,670.5278296999219,97.80664281711844,0.5089168950968117,3,0,0.5434424668625818,957.0,359
S0403,Compute,AWS,E2,60.99861651408413,3574,617,873.9285214542949,262.8340330360711,442.58334971246194,796.3856923839282,60.508791761696166,0.6274016330158478,3,0,0.5432901879307539,735.0,360
S0618,Storage,AWS,E1,22.06525399020991,5551,920,733.5708270889857,234.4266592764025,328.4765281012856,713.8919869237312,86.06289539669123,0.7969368838339308,2,0,0.5432143039877815,922.0,361
S0504,Network,Google Cloud,E4,45.41454870040637,3112,537,826.6052298122326,22.419792615190225,425.7562828675324,306.15267925824395,92.16514830760806,0.5567368188137196,3,0,0.543073148890688,551.0,362
S0336,Storage,Google Cloud,E2,20.945563998181928,4672,305,994.7373235445224,277.4811270771476,499.9261297983361,769.6709734767028,56.012549328536736,0.9215889603264202,2,0,0.542979685145664,830.0,363
S0059,Database,Google Cloud,E4,88.91949002296658,3015,655,241.55796215748143,181.815032897236,23.83209222884612,767.3073940753736,88.44900976143148,0.5720519815164831,2,0,0.5428402790969861,177.0,364
S0080,Database,AWS,E4,60.66779041188863,4255,111,778.5275727407883,168.2997671353956,402.2626915121064,590.8679003118639,67.56894833790543,0.5314463112262434,2,0,0.5426512382122597,610.0,365
S0934,Network,IBM,E1,56.30578022826512,5149,751,841.5977829983,127.04327941345898,173.14874104199492,300.4251678165374,98.2311427808509,0.8814994488559711,2,0,0.5424375266539848,816.0,366
S0944,Network,Google Cloud,E3,25.67037804625631,3093,639,333.019330053257,158.91135856170746,294.10461913173015,810.6307444490457,74.63371651555015,0.8880857460201119,1,0,0.5412018721773126,276.0,367
S0677,AI Model,AWS,E4,88.20909582029314,6778,664,441.63522876488,69.99658106408685,118.01456359738084,483.3508040638313,78.84836552341855,0.6128473371952151,3,0,0.5410687475660425,774.0,368
S0315,Storage,AWS,E4,30.55336460365688,4176,57,977.0264290993103,243.5283075734801,146.87634778551416,378.9527394580111,59.94458514690087,0.5151466132398128,2,0,0.5410542832703826,588.0,369
S0300,Compute,Azure,E3,79.46408142753795,7873,62,817.1235677796544,50.68298435325228,375.357882935046,352.5293684655141,93.49647811984968,0.6052308738416061,2,0,0.5409013819346857,902.0,370
S0502,Compute,Azure,E2,22.754102187561585,6885,273,30.810895658954983,22.03361844277562,162.4854215239645,720.6908828138937,76.3903681779415,0.8675115990890853,3,1,0.5408058354280195,483.0,371
S0900,Network,AWS,E1,58.92742100971616,6634,655,41.40526689787084,149.32546412119348,97.00338065947916,963.3133466365294,69.25253396018084,0.5398279204654435,2,0,0.540771281436769,557.0,372
S0698,Storage,AWS,E4,48.99053801172709,646,871,665.9422385613973,138.9082102444298,22.68907442224772,292.4708126270693,99.64154127223486,0.624234262208371,2,0,0.5399979117274623,201.0,373
S0144,Database,IBM,E2,25.77937093507484,2550,307,216.50248406364025,61.56218413012861,272.8975481127896,678.2826328831457,65.17481158945075,0.5206139069995301,1,0,0.5392770672709853,71.0,374
S0056,Compute,IBM,E3,81.19602042264628,5479,89,715.7175359023454,263.60107896968805,466.9750816767855,930.653952096338,71.61065937925117,0.9025074400590352,2,0,0.5389278643538089,781.0,375
S0901,Network,IBM,E2,70.81567005942148,2975,506,539.6170066753496,69.23586792603648,458.431897607532,622.5364628972799,86.98039845000686,0.5349459059439738,2,0,0.5388410902999261,420.0,376
S0428,AI Model,IBM,E3,38.14203711941292,3616,424,51.54443270919794,80.15086866433205,227.7760692590344,833.595301425953,89.84240883860616,0.92046192188673,1,0,0.5384818450661812,156.0,377
S0235,Compute,Azure,E2,34.85732245698051,6540,162,191.617877138727,130.36128812341695,150.1840617953177,768.2040296853733,61.51714160511756,0.551037462383049,1,0,0.538284751797805,504.0,378
S0101,Database,IBM,E4,66.19890876951342,1204,256,927.647182867797,146.68680634344994,315.6344257829219,328.1722234003103,99.98706361290462,0.6071277171715922,1,0,0.538256153970471,327.0,379
S0478,Compute,Google Cloud,E2,68.91681946591044,6576,709,125.2943411768954,215.30029895669725,56.25476319289099,993.132437187097,69.92002333047122,0.684528079670902,1,0,0.537720805703129,604.0,380
S0263,AI Model,IBM,E2,68.82301003632156,4154,967,991.539032164364,55.07896441088382,268.75335965671866,157.6062654114515,89.69466808810361,0.6252907882970964,1,0,0.5377179132957552,791.0,381
S0531,Storage,Google Cloud,E2,81.58987119126698,5020,461,918.3675795572073,28.48349771278916,140.3928985229566,72.99574220140333,64.57420684212683,0.8324000219335425,2,0,0.5368042795150855,718.0,382
S0771,AI Model,Google Cloud,E4,37.42882422920359,3106,424,672.6634143983408,160.47979616530628,179.37189841551103,435.80448147743,62.98053126166058,0.6167709009631841,2,0,0.5362241656144119,377.0,383
S0218,Database,Azure,E4,30.44340283381964,3900,260,15.350874435943172,104.49373433599676,113.1252393665018,815.3278743735989,64.12493633104823,0.9180396375834192,1,0,0.5361618724962456,115.0,384
S0302,AI Model,Google Cloud,E1,67.59368131627278,4366,854,825.3703565902076,66.66592602884707,336.16874530672027,323.33251276552784,83.8947459248044,0.6200348265535893,3,0,0.5357254725865945,784.0,385
S0194,Storage,IBM,E4,74.71311714892975,3764,284,435.3266352578757,244.8785582745556,187.1287034126879,837.9574269122809,55.63984594332885,0.6538620946821855,2,0,0.5353895442859253,331.0,386
S0689,Compute,Azure,E4,54.70067037990452,574,617,608.7910350689554,98.14430373279096,351.217591941185,486.0212321620814,90.79276278728452,0.6969937538565276,2,0,0.5351990144904942,194.0,387
S0887,Storage,Azure,E4,21.102004149121537,5734,79,116.94866791666348,105.81590848614854,428.19812106925104,990.2497678266574,86.70367655029389,0.9159120591929916,1,0,0.5345111503907415,462.0,388
S0959,Network,IBM,E1,88.81143823489927,6988,464,507.4409932651379,199.09509830557965,36.80994566848357,607.3140113861789,54.32228765866993,0.8824430800826482,2,0,0.5343634026650298,769.0,389
S0431,Storage,Azure,E2,42.59489455700003,4463,145,125.3130711766037,158.8575402537353,272.3778253319075,952.3377452120476,83.613941473704,0.7336786441658059,2,0,0.5342801104363031,256.0,390
S0725,Compute,Azure,E4,71.9399323652831,7618,629,380.2076631342768,33.62037437994139,457.1736793397813,734.0965718121842,65.63413325138961,0.668609954955113,3,0,0.5340190799004498,881.0,391
S0021,Storage,IBM,E2,42.15835831080652,5878,590,713.0136186739065,160.19434293313387,275.2067250725768,511.3491973305193,61.21367091209527,0.9574649683146412,3,0,0.5338244562710355,858.0,392
S0763,AI Model,Azure,E1,25.764655645712264,6752,972,872.6020947743849,103.50122910033342,159.7940465471394,230.015638604624,55.11120855659723,0.7115377613982414,2,0,0.5338024402846907,942.0,393
S0470,Database,Azure,E2,67.34806648189915,6043,880,348.42881264311114,137.02779725628827,164.5540317167549,678.5115126613022,85.21295372512098,0.92179347279677,1,0,0.5329538722289302,726.0,394
S0192,AI Model,Azure,E2,57.23458642664748,2992,256,648.4126105868302,45.22924660293192,103.91894622683442,178.71979298240254,85.54939707318414,0.9958497305092812,1,1,0.5328993937630803,238.0,395
S0005,AI Model,IBM,E3,91.737604872461,6809,299,443.7949494996917,277.60153170947655,107.8181157533596,879.1887224456543,50.72575472638044,0.9177823992856176,1,0,0.5324493369173003,734.0,396
S0662,Storage,Azure,E3,66.96757410657979,6000,189,282.78120146944264,134.40146043861543,273.1708932391507,794.73215903016,67.82383354238937,0.6087238170038501,3,0,0.5322543088491509,549.0,397
S0366,AI Model,Google Cloud,E3,66.56964256088233,7544,974,977.2613597797242,200.8041078944892,406.5910767741034,563.7196267929886,62.46018852956436,0.6456921930103661,3,0,0.5314778696302812,1000.0,398
S0980,Network,AWS,E2,52.4612001657102,6515,437,228.30369926528152,245.01459994337,61.98497201032549,910.557682493856,64.62209022947579,0.8946218946760651,3,0,0.5311580771723429,593.0,399
S0229,Network,Google Cloud,E4,51.40949893056211,4594,612,653.9209963356257,249.2530567331642,145.21492579702192,610.621035630215,76.52365935988962,0.8125133939051645,3,0,0.5307505983478472,655.0,400
S0671,Network,Azure,E1,49.6353307448239,3770,156,263.1862645328174,260.5241941163637,49.20895218126287,853.6669932936067,69.58377982677744,0.5861952341678578,1,0,0.5303143758260608,178.0,401
S0523,Database,AWS,E2,51.63711339041235,5167,535,17.26080932781847,60.3138148500992,62.06039715008464,699.682904105141,67.03427117874008,0.5147381760622238,2,0,0.5301691962179685,299.0,402
S0391,Compute,IBM,E1,85.3403361697289,2049,633,324.8027258269316,135.8511869220583,15.170302039791268,558.6023290064746,52.02979926511867,0.6342995807505429,1,0,0.5300055418051074,87.0,403
S0110,Network,Azure,E3,35.186042012392804,6508,253,255.3946251411394,161.75026536704507,347.6988911094832,907.6878416841664,84.41653811663384,0.7658003745089468,3,0,0.5297459374067492,650.0,404
S0131,Network,Google Cloud,E4,64.11517002112929,5258,266,60.05359607994357,150.24687953828962,34.261188554123834,814.5911764316485,64.88368577964229,0.8441166386678247,2,0,0.5296184490249216,283.0,405
S0905,Database,IBM,E2,59.09720357406042,6680,745,566.8050803767417,137.53599135221168,304.89491083019345,598.3130452927965,90.30058552442422,0.8628855234788887,1,0,0.5292633210015991,918.0,406
S0906,Storage,Azure,E3,93.20103674594102,4405,544,286.6508542457136,282.4466735613382,41.60537175641528,939.428368416843,62.66037408211787,0.8285325912664727,3,0,0.5288820944299304,398.0,407
S0307,Compute,IBM,E2,31.8466117126511,3584,487,669.6051828642481,79.49646494275112,445.48579323876834,466.5826158640215,96.8870827467411,0.6094850635529007,2,0,0.5286121652415682,541.0,408
S0632,Compute,AWS,E3,91.69391217164896,1839,898,52.882120521768826,161.78637765313715,90.20107522756663,889.5739146851303,96.71266495481804,0.7516319504504072,2,0,0.5283181556583849,118.0,409
S0818,Compute,IBM,E1,75.56780421140536,1010,719,313.23798691866216,14.73852109059654,289.95317243624504,536.9748003705085,58.51836253907656,0.7124976202099316,3,0,0.5282394101682916,90.0,410
S0654,AI Model,Azure,E2,45.6835984126035,1202,93,578.1120919952764,92.89670473847532,111.2551605969356,263.1507169135617,94.20376481550925,0.9792728034120436,2,1,0.5278257748690758,58.0,411
S0461,Compute,Azure,E4,58.8084763816281,1927,138,803.6674502593919,82.50267835058433,164.13643395440897,163.92576598077363,58.59368512696234,0.9737669253667226,2,0,0.5278189044583655,225.0,412
S0031,Network,Azure,E4,23.14634175737272,7488,450,323.42089230956464,126.64811374603092,435.7899614602392,849.884351655315,97.2483531820038,0.7144195076486953,1,0,0.5273275599048919,826.0,413
S0325,Compute,IBM,E3,80.27026515811514,1843,991,860.9608329487575,40.62025758952064,254.5632424727272,178.00990187436204,50.09060169346258,0.583650689996575,3,0,0.5271580342070604,456.0,414
S0341,Compute,AWS,E1,25.955493848227214,3683,261,314.4544975355517,122.742199631265,55.88011773347832,492.2303832011057,84.44999924942842,0.5765212985819106,3,0,0.5266733882413142,149.0,415
S0382,AI Model,IBM,E3,68.21614325440308,4175,977,309.9873319122097,154.84486411239044,201.4398331794649,765.9964897658409,52.45763143623552,0.5632401283456547,2,0,0.5265314918653697,485.0,416
S0048,AI Model,Azure,E4,65.97046868708941,4095,318,257.0080488859144,37.88886791244067,465.668441096302,777.0069979111091,52.233060818944935,0.7657429636522524,3,0,0.5260399188589964,366.0,417
S0421,Storage,Azure,E1,82.20459986441352,3128,905,304.3879159953876,115.87647722868388,307.328518952455,775.422913733613,57.05548241663247,0.638933450071947,2,0,0.5259074229900731,376.0,418
S0996,Storage,Azure,E4,93.58577988438664,2017,386,483.3773343202857,216.62496834857717,348.0136095198424,844.7247716111331,57.20839079090248,0.8679509929342624,1,0,0.525837764514615,222.0,419
S0474,AI Model,IBM,E2,58.4272833159343,7761,898,571.2238682870407,26.92870962139108,489.6705824987509,575.9939418624617,58.856072880120976,0.6885559922672222,3,0,0.525828332887158,972.0,420
S0797,AI Model,Google Cloud,E1,61.437572555591686,6550,509,97.270636555278,88.720393197257,220.17029015191804,821.3136592119095,55.604925517537936,0.8495531026998488,3,0,0.5257956993864566,563.0,421
S0078,Database,IBM,E3,83.05272710084,6130,418,501.9265633150484,61.14940765303903,271.321097604783,473.4072007344091,72.2553331858997,0.57377592341435,2,0,0.525351404091151,733.0,422
S0394,Compute,Azure,E2,69.87386776069965,1394,105,817.6117105887561,145.26176381989052,447.0178337041209,468.2106399433569,90.15030152295006,0.7009198428449603,3,0,0.525214767871239,306.0,423
S0557,Network,Azure,E3,65.94301012586143,1603,398,337.8350242725083,36.39147005633916,71.55165044655561,339.5962607934536,88.06377281752063,0.6526629495166332,1,0,0.5251694907773239,20.0,424
S0683,Storage,IBM,E4,29.36156104751362,4209,555,725.8409196891722,83.80750061184155,315.47174835476966,327.7943296900356,83.08466508457516,0.5346150628728159,2,0,0.5250406847526722,628.0,425
S0061,Storage,Azure,E4,76.62814465597087,6234,765,858.6197404889928,267.61980342975244,185.79032339042416,554.6409944786164,73.64128124481512,0.8019369559130951,1,0,0.5249846294452037,951.0,426
S0140,AI Model,Google Cloud,E2,80.37417497605773,1644,153,489.5472737448408,36.90572929914024,385.1162511477093,482.8443345874402,62.97752166365413,0.895386531866017,3,0,0.5241397384228353,119.0,427
S0490,Storage,IBM,E3,40.761073084347935,6145,493,77.4279344762873,12.092165023099156,212.9244421437582,638.5898135397266,86.56105549366231,0.939926024019358,3,0,0.5238456044077323,477.0,428
S0894,Database,Google Cloud,E1,50.32173104411518,762,940,741.7005077730236,266.67760961185377,65.95005231619476,473.4898101814968,87.39618256557085,0.8237234618756241,3,0,0.5236481899333875,278.0,429
S0757,AI Model,IBM,E4,80.61764075069166,6633,521,814.2668169442894,173.9643572217506,339.6846853934613,499.2353561000178,95.1438323531498,0.9859622753511676,3,0,0.5235474633531644,959.0,430
S0565,Database,IBM,E4,20.877995804817804,3656,336,968.124710272,230.33766755906316,77.27865381938615,228.6149313364745,81.51988656374135,0.8080461605749967,2,0,0.5234731893506368,545.0,431
S0257,Compute,AWS,E1,32.433090512245684,4820,474,841.4221486814535,157.5767811695912,72.34019459913526,200.52981817172483,74.13641937383917,0.5209108118932326,1,0,0.5234314925363175,660.0,432
S0548,Storage,Azure,E3,46.60784688769881,3427,660,693.8190519621305,208.58631971619235,333.5645569519225,605.8239255545553,91.6249350492983,0.5062975190847134,1,0,0.523368638449639,578.0,433
S0940,Compute,Azure,E4,78.88921573613064,3119,706,845.8717155108586,296.6046929236074,499.11557669411496,863.0317617677084,75.01668278380112,0.9670182453295052,3,0,0.5230378444820232,703.0,434
S0868,AI Model,Azure,E4,70.83599002325332,3119,939,114.35123309660528,138.4481939659382,291.7845053518533,931.9189834053408,91.60955761537788,0.5814582965008095,3,0,0.5228084300870267,296.0,435
S0751,Database,AWS,E4,25.82370010037038,3103,259,661.138985803194,291.97414198865096,450.8042914339856,886.8373525859998,74.40191121408749,0.6219213649830526,1,0,0.5227752556527719,475.0,436
S0233,Database,AWS,E2,39.23975468331859,3752,949,122.30640893287756,238.6210087743104,126.40440713820723,994.8644778608432,61.98545391212224,0.6894435451663026,2,0,0.522159668840278,340.0,437
S0914,Compute,Google Cloud,E2,41.99814580854235,2133,488,332.6225291896325,52.955555749767456,260.55615400010504,496.4795129249047,92.32175881536534,0.9113181357786102,3,0,0.5219227007798608,102.0,438
S0997,Compute,Azure,E1,62.71548346753278,6972,468,770.2902782812132,200.98011314867628,305.19614383210694,536.6853428696932,96.01361844012038,0.919250495221573,2,0,0.5217315787488073,954.0,439
S0576,AI Model,Google Cloud,E1,83.42032722424301,2330,688,338.66660671837576,7.291159435420772,250.49704762134095,460.07720343659423,63.31228496970017,0.8308266002336255,2,0,0.5215286819332713,160.0,440
S0678,Network,IBM,E2,74.16074265919295,5819,732,598.108970911143,35.44891141930489,463.3912154486461,517.7397148030152,57.6087300940959,0.5104660147460367,1,0,0.5215246000888162,863.0,441
S0017,Database,Azure,E2,39.8784821243753,756,534,908.1764549128418,199.04078806541705,293.32700679941183,362.17412250585056,80.54300417584253,0.958403289037388,1,0,0.5207475433137209,324.0,442
S0962,Storage,IBM,E2,86.7605853047011,1043,109,980.985867360439,76.89392251178108,302.8304635569056,116.84970251072784,72.97997748191118,0.6373437469937084,3,0,0.5207113138543515,295.0,443
S0179,AI Model,Google Cloud,E3,42.40441801915798,3866,353,126.1073463224406,214.9744937723301,166.82779617379256,921.1130574473642,88.8602123675426,0.6958858710060016,3,0,0.5207102345809321,205.0,444
S0907,AI Model,Google Cloud,E2,29.416266107199004,7323,723,784.6751429364906,286.0861448053224,486.5360228604944,873.3567809794253,62.446449385729686,0.8661520961097329,2,0,0.5205479082758401,994.0,445
S0089,Database,IBM,E1,32.005372621592976,2141,734,61.86738263891261,182.4083008531262,156.73428472778477,888.1233269697268,98.44082207416884,0.6075602985230204,2,0,0.5203995611415512,107.0,446
S0684,Storage,AWS,E2,79.5657996912054,7931,782,774.9442782468849,273.6461736382471,485.571788656963,881.1523728680299,90.84788436971311,0.6051932772470621,1,0,0.5200870443756872,999.0,447
S0828,Database,IBM,E3,88.2457357890794,5865,530,977.8140607415928,276.73744465334835,269.49061354921065,524.280762148536,84.3287146037392,0.981175066719139,1,0,0.519872083223877,937.0,448
S0083,AI Model,AWS,E3,42.31613384891155,4934,288,447.82975375436354,97.09660571698444,30.36432565340669,340.3660719943743,52.41622044276985,0.8778956214426512,2,0,0.519167603800016,397.0,449
S0851,Network,IBM,E1,91.75998616132146,6985,710,896.1060379598348,284.45349982891975,129.8248170623067,505.5432752557861,83.7029226376848,0.9325312649921802,1,0,0.5188735379629539,967.0,450
S0289,Network,Azure,E2,60.402634846453566,7781,829,325.0794209718686,163.51544656873844,56.67197764670605,644.7931968876944,55.7219081758424,0.7099351858911356,1,0,0.5185227267059358,802.0,451
S0291,Network,AWS,E1,27.91052749674729,6464,167,648.4538762394324,217.1741536180233,207.7766886822496,530.3735395587084,89.06284768914261,0.5314857043668502,2,0,0.5185192624356235,766.0,452
S0746,Network,Azure,E2,77.45869495966897,4439,921,826.9592575470348,201.74611563515245,114.01598248990206,346.9164696248861,91.1634326557386,0.6139215940382503,2,0,0.5182335608004855,754.0,453
S0160,Network,IBM,E1,89.98349985076682,7208,507,343.9378446097153,225.6647426263237,265.2322674392804,907.4150091008056,90.1631700313564,0.8084084421877875,2,0,0.5178190478089414,815.0,454
S0586,AI Model,IBM,E1,84.31717532459628,3854,530,494.9717719505671,204.7577651681424,331.83946323334,765.9296249040879,77.14631945498923,0.5347543857242931,1,0,0.5167071956549907,496.0,455
S0862,Storage,Google Cloud,E4,83.77610008399216,2432,761,267.0072508713937,104.0263081896383,239.6148869595398,657.7864414919013,95.03330420543142,0.8145568099560595,2,0,0.5167051138628251,195.0,456
S0722,Network,AWS,E1,55.76326012383628,2580,342,805.7176836516451,226.77940327334065,463.5356745032332,648.9257098750904,64.69806882051492,0.5783236891818168,3,0,0.5166918815840984,486.0,457
S0850,Network,Azure,E1,47.003784942573375,2754,579,819.4471445214413,63.01683355514064,140.91097866811504,56.19913990744264,93.17732658357144,0.9708174260366844,3,1,0.5163833169795047,417.0,458
S0445,AI Model,Azure,E1,79.59337090251427,4822,495,325.9322549222579,38.02070054976283,20.633046685015398,328.27894323296675,75.68519328112778,0.6293249310796503,3,0,0.5157283292686762,352.0,459
S0879,AI Model,IBM,E4,86.76612519771308,4678,634,314.6257852559454,21.13448649999896,357.31163980401544,585.6736802971783,74.03350561525383,0.8632928829132267,2,0,0.5156916832008861,500.0,460
S0665,Network,Google Cloud,E2,94.53862916747735,3424,953,592.2127012293925,230.60899142690133,241.13239577669265,674.8993410343768,89.69216464339306,0.983049936365741,2,0,0.5140185384886847,576.0,461
S0669,Storage,AWS,E4,66.54953598684381,2385,317,615.5299551960925,248.0051844454861,367.5875506711038,737.224954412182,84.88231913898625,0.7322561252520388,1,0,0.5134974884013134,330.0,462
S0064,Storage,Google Cloud,E1,74.63680078712099,7834,444,141.08056736149007,153.09241833305873,220.62388817414612,872.7220311465935,71.81222241821587,0.93105203672574,3,0,0.5134281960092552,714.0,463
S0799,Network,Azure,E4,30.71569710045588,6032,742,822.3466178631616,95.21498582868088,265.3751252076334,230.36002725742068,73.94852807267357,0.6866892797684201,2,0,0.5131568662469493,905.0,464
S0688,Compute,Google Cloud,E4,31.15969770538367,6747,456,366.771737439539,194.71578402226584,489.839012788213,963.267899635066,66.76645037294676,0.5220461081987661,2,0,0.5130155866332177,814.0,465
S0822,Database,Google Cloud,E4,40.27949647883942,6638,901,863.8715423275695,233.49876453643765,31.28234504546236,303.5543236938332,69.94207059734853,0.7382446986769131,3,0,0.513007132886212,916.0,466
S0793,Database,AWS,E1,38.14487602366472,4141,513,314.0741916231694,216.1081115066768,221.16125489398016,790.0551242278358,82.55884803718091,0.7659778493915883,1,0,0.5126392719072729,387.0,467
S0438,Network,IBM,E3,83.91979057933861,3118,177,180.36517212810017,10.737174858583945,352.18560592690733,608.3005128752602,91.81921178156128,0.834244310491702,3,0,0.5122723328989889,124.0,468
S0168,Network,Google Cloud,E3,48.7874713949783,4088,302,550.1263005741458,61.89681776343621,384.6384492421209,431.7227856716104,87.25724049139102,0.9362870096488224,1,0,0.5122324469649373,468.0,469
S0153,Compute,Azure,E1,44.61445652069837,595,325,829.082989277884,249.1641824604752,25.35790774084469,286.2891241010934,52.824171200174106,0.880339880610483,1,0,0.512165101006524,176.0,470
S0275,Network,Azure,E4,76.75636292664763,4234,992,925.0442000867146,226.77238236647852,441.2758191260269,576.4198551903605,78.0575573335978,0.844804009500204,3,0,0.5118620204613327,873.0,471
S0444,Network,Azure,E3,37.96326274321536,2950,877,528.4267818940647,170.77089978830068,354.56789453998863,648.8967374622866,73.9707899313551,0.8955985810423491,1,0,0.5115258187188858,464.0,472
S0852,AI Model,IBM,E4,57.530085928265095,6567,788,854.7100445051464,65.65833887130562,121.38781482431344,65.06086810488863,60.73189814522143,0.7499886324812093,2,0,0.5107096000520428,889.0,473
S0328,AI Model,AWS,E2,51.33207344563248,3920,568,371.0239694719932,136.35583730558784,128.12152946980095,504.0995678015959,99.54930847483426,0.7297416505250827,2,0,0.5105154048211499,318.0,474
S0961,Database,AWS,E1,55.24912011184525,2894,724,804.9514882960128,237.01918549079605,468.5171381470297,670.6250638562944,65.7022001508822,0.7508564083442459,1,0,0.510240949948148,626.0,475
S0062,Database,Google Cloud,E1,54.5404622955605,3349,699,822.2225520564298,38.89737129176354,319.247343667195,143.9296755295188,82.17881113699102,0.8674914858149477,1,0,0.5097632318226407,571.0,476
S0387,Storage,Google Cloud,E1,22.489201592181967,7774,948,314.1665722292433,142.7290392413158,255.14235415230803,710.6401374212381,72.66308416908615,0.5695800054539809,3,0,0.5097411215804111,860.0,477
S0971,Database,IBM,E4,59.72447929592149,6325,864,202.33083529178344,42.704494086312906,70.97276189391005,465.0170347292702,76.71235553601916,0.6990032187519075,3,0,0.5096893158770953,599.0,478
S0892,AI Model,IBM,E1,51.02320061889765,5136,651,90.35258221907738,71.75181357242307,499.87826608023175,925.3483681325112,96.57824900039591,0.9655096379398522,2,0,0.5091439323641057,512.0,479
S0014,Storage,Google Cloud,E3,27.3796737285048,1808,549,295.12529246480074,76.34226764752917,182.3428545593696,456.1321797130171,88.82434406578334,0.8581772414370434,1,1,0.5089831308727134,52.0,480
S0134,AI Model,Azure,E2,24.864019586222625,1172,748,286.9485080913803,128.39587777257833,477.12502237847065,812.0928583940637,84.34332468674549,0.8211598254878721,2,0,0.5085143199507012,189.0,481
S0242,Compute,Google Cloud,E1,31.34351215512009,7192,337,843.5955048916766,121.01213810426847,344.8299176875877,311.6584084574992,55.6731095853287,0.759833948232965,3,0,0.5080136433324547,926.0,482
S0536,AI Model,Google Cloud,E4,24.46435252608288,6616,769,456.6812595362164,137.78240831208373,320.5395027232648,609.8214414697086,87.31271725731442,0.5471201752386237,1,0,0.5078364707742026,853.0,483
S0541,Compute,Azure,E2,54.21773817166565,5269,296,937.5585850938276,82.43307733067435,227.38641691130044,67.46194028647994,63.77289550690851,0.5645183939052183,1,0,0.5077830602819164,744.0,484
S0731,AI Model,Azure,E3,35.80287229004024,4676,107,190.63346024596515,236.3600332954815,150.6235317410562,833.3950351608482,89.877123949333,0.7275077192322239,1,0,0.5076936833099583,265.0,485
S0236,Storage,IBM,E1,62.39976909287074,3926,219,598.200444128893,117.95052844883412,364.1566512452899,479.6983332987687,78.05034182074604,0.8007053610018057,2,0,0.5072914239276862,454.0,486
S0009,Network,IBM,E2,46.22774223093872,1394,478,752.5281280207693,278.2609416917528,440.2094074248329,729.3799379706168,59.146766064210624,0.9163416118100256,1,0,0.506924413351364,375.0,487
S0332,Storage,Google Cloud,E1,32.44661714718387,686,204,576.9164245844288,131.45006236651687,135.84671848534074,292.0292070121891,66.51538437784393,0.9921203584008244,3,0,0.5068953554929099,47.0,488
S0788,Database,IBM,E2,53.70123065297315,3822,884,601.8615869772281,298.4586115993023,253.78936485345184,768.1675564846856,74.8199460838542,0.5811177740702888,2,0,0.506761245288776,632.0,489
S0399,Database,IBM,E2,28.32421019101108,3789,241,504.309916554182,130.92320699455144,28.238635238971288,291.3294669090367,55.16890036009799,0.8787010991655138,2,0,0.5062229463189538,229.0,490
S0172,Compute,Google Cloud,E1,47.167658123921626,782,508,539.8008103435468,34.907053528609744,17.800930958771318,52.76613194209931,91.0824666940036,0.5625391134081628,3,0,0.5060414509973354,54.0,491
S0419,AI Model,Google Cloud,E2,74.50032440527424,3680,215,120.09665986483654,7.81528915483186,389.7900821661684,676.8763734875871,58.17728434120696,0.9882509868230064,1,0,0.5059634092707935,180.0,492
S0378,Storage,AWS,E1,84.18029441793398,2367,99,735.0645621315794,80.64184317118783,486.318874382533,399.4581598770855,72.13824784309473,0.8987587033479429,3,0,0.5055440754635486,359.0,493
S0752,Database,AWS,E2,50.56572732743231,1078,865,645.1528810181445,295.004086386372,393.1469640962224,815.4595475692141,57.740787743586765,0.5762871121511894,3,0,0.5040428270972593,369.0,494
S0806,Storage,Google Cloud,E1,24.07490261171779,7275,901,795.1323980869494,182.6656092012909,200.1486523878689,334.0620456288788,94.94076874031734,0.6795809121402094,2,0,0.5038003669465693,968.0,495
S0396,AI Model,IBM,E3,88.03962730293723,4580,409,85.95559858435638,208.29072169624868,170.59614068910278,932.9371877666964,60.21193102849322,0.938342106730324,3,0,0.5037871097731771,292.0,496
S0052,Database,Azure,E1,34.8102867394953,2730,569,223.05243493586087,75.86473279647375,34.8932689475817,408.3198521950313,54.378778670808735,0.5738731622189805,2,0,0.5031775863426715,66.0,497
S0590,Compute,AWS,E3,63.66490599455854,584,969,26.509055354940763,69.92656948394537,314.9642064218553,772.5762523205586,99.24789848129154,0.7813162979336942,1,0,0.5029860818912698,105.0,498
S0737,Compute,Google Cloud,E2,42.09645472596449,2871,277,155.7548036664118,274.5935056449299,246.61048171676336,997.7034632986738,82.77267282467821,0.8539310517271022,3,0,0.5028943148264996,131.0,499
S0133,Database,Azure,E1,68.17441444289206,5554,415,294.45344934381296,257.3875814135824,177.42054117104252,861.8880744990538,56.84911111547639,0.7293289797461852,3,0,0.502371523432489,536.0,500
S0786,Compute,IBM,E4,86.6494310199049,3016,59,805.2124556181582,164.70197832685892,351.74943580051,387.9853799906272,77.3312822971623,0.5467339684522218,2,0,0.5019497901496395,428.0,501
S0883,Network,IBM,E1,28.36341592409573,8130,498,713.8909523303131,132.14020001021993,79.99449472004262,204.3898625192596,64.37767282104625,0.8841033839037453,1,0,0.5019246919727354,886.0,502
S0097,AI Model,AWS,E1,80.00532265243696,5292,952,271.87064594894986,119.30260682741822,25.44139111028368,494.734844777199,89.23617075896792,0.886737008911384,3,0,0.501460119826025,522.0,503
S0076,Storage,AWS,E4,36.013352473300394,1178,367,888.2481240514614,189.15101741426784,209.38023138140767,200.97852850196296,98.8711473856874,0.5536506051853363,3,0,0.501264087021329,274.0,504
S0175,Database,Azure,E2,21.814382291851643,6528,548,989.8588492752413,147.27083002405533,452.4053314817536,296.42975186176113,68.9103391936539,0.6221168501820393,2,0,0.49969584587132454,965.0,505
S0060,Storage,Azure,E1,38.91807651300212,1455,783,218.77736540398024,64.37281749966937,429.0310190360217,688.7104694939592,72.3384917234126,0.987339205403558,1,0,0.49960226787577106,151.0,506
S0721,Network,Google Cloud,E1,21.433707082232303,7515,168,624.1675396024838,231.5235272719449,194.35239539698364,513.6992247463088,82.96640639920007,0.626134544800423,2,0,0.49933567633758097,832.0,507
S0148,Network,Google Cloud,E2,73.07607010556868,5012,942,736.5663232318507,256.1646956279848,51.05757654864819,417.8241104481376,70.23225142200496,0.7795929399899242,2,0,0.49903118406457586,765.0,508
S0528,Compute,IBM,E4,43.202953839708655,5690,102,209.8234170101205,58.708623020147336,369.1099519131102,637.9884046252621,78.1189190192201,0.523519526707374,1,0,0.49892309438134025,453.0,509
S0871,Network,Google Cloud,E4,30.245067773837945,5439,360,288.5790523504414,165.7697720395053,279.34546069172336,722.1586658581715,60.687013103056096,0.787639797427375,3,0,0.49839597086800685,503.0,510
S0998,Compute,Google Cloud,E4,39.465633738206776,4087,964,632.2807366408103,106.2964479244989,62.55094841296457,178.47913168417628,72.03826238376845,0.9747933837822924,3,0,0.49808587518164893,548.0,511
S0215,Network,IBM,E1,22.5210200137462,6246,714,890.6808521471872,23.61637888908614,391.429919322886,68.47394549856928,85.77181016382701,0.7572634682911202,3,0,0.4977792350957126,925.0,512
S0317,Network,Azure,E4,33.816862942851955,5370,345,96.77333783270674,7.589277524639192,88.17457877732755,388.57097433490895,82.96751515496251,0.810912282295208,2,1,0.4975231122744345,285.0,513
S0226,Compute,Google Cloud,E3,62.01261375963814,4571,240,664.5292716444095,254.4718679841376,146.27496210136368,487.0609109101837,86.94006916340948,0.8738717129638054,2,0,0.4974558154718583,531.0,514
S0507,Database,Azure,E2,58.45007944673123,7787,898,838.8648460395999,92.14950071256068,318.41761844737925,234.82057121491573,81.30870368969474,0.5250179182173784,3,0,0.49717378392728256,985.0,515
S0203,Compute,IBM,E4,24.279104086344077,5288,388,203.05889063422964,25.567230620950195,281.55194899234766,487.1113240431592,93.00367594948963,0.7905232456419575,1,0,0.49706188463851875,423.0,516
S0832,Network,AWS,E1,71.5264449877432,2806,192,229.30209939197476,227.34745208582825,111.81732770532938,733.0412190105715,80.3101126805166,0.5050355674161415,3,0,0.49690310147571687,75.0,517
S0663,Compute,IBM,E4,56.66733738443386,4539,530,499.5759138692038,16.433295988483827,371.2374195499393,358.37835819209744,58.138805051268434,0.6270888571528288,3,0,0.4968674136554267,535.0,518
S0404,AI Model,AWS,E1,48.53004117278073,5202,109,457.5657308432523,70.11021285360351,241.7653909120948,359.4905665583373,74.8843979773886,0.8861295823265989,2,0,0.49656406692373206,455.0,519
S0697,Database,AWS,E2,77.13486435332729,4863,548,709.9451413298649,290.9998153248226,136.76548445890046,554.1604302753453,58.35278347343929,0.96627156304299,1,0,0.49568044174061654,698.0,520
S0039,Compute,Google Cloud,E3,80.88273410676032,6485,539,894.6586405856302,165.91965044597652,132.66673101687917,156.05413292625852,94.82521254794976,0.7514215309995433,2,0,0.49548230629456286,884.0,521
S0183,Compute,Google Cloud,E4,85.45476878634514,7843,215,512.0115998196641,40.81739712396678,214.76315834262877,302.7203078923617,52.63783074160454,0.9923221846866832,1,0,0.49542103143357735,793.0,522
S0994,Storage,Azure,E3,94.61144704744632,1182,800,624.038940726223,287.929851473309,221.6400802614561,663.471219041131,76.27896870311208,0.9519900045279204,1,0,0.49506689119793973,273.0,523
S0845,AI Model,Azure,E1,42.35391564795823,7854,161,456.75394793238326,21.356344532633216,11.917911810341412,81.86857784154992,81.37530771008831,0.7531848688261045,2,1,0.4948252429181716,675.0,524
S0075,AI Model,IBM,E4,81.33389973927089,3830,707,75.03519532476263,82.21657453967232,22.088277724838704,536.0110801142217,66.20675869163982,0.8635522245292535,2,0,0.4947317754947315,182.0,525
S0859,Compute,Google Cloud,E4,77.56757213884387,6130,187,748.8992554701091,143.3726245950851,85.4419869465869,187.35072472760547,53.1933186670512,0.5087152727510229,3,0,0.49472670402088337,699.0,526
S0007,Network,IBM,E3,46.49385563765481,1795,918,962.6388321430652,170.74981799380794,375.745716704826,272.22667974041565,70.11373837157169,0.9120899998126792,1,0,0.49415579300003054,525.0,527
S0549,Compute,IBM,E2,90.62942837141938,1121,955,731.4983600340103,252.04763054962123,266.1276324931245,537.5115155140361,92.53892451663302,0.5480034732530763,3,0,0.4938833156605864,391.0,528
S0249,Database,Azure,E1,84.51047700120762,3962,771,807.4706544402964,266.01834437404204,264.41141755569544,511.7419885604215,98.115037455612,0.9652646338370092,3,0,0.49374602576380616,730.0,529
S0386,Compute,Google Cloud,E1,35.94832822783221,4243,133,679.3439755562083,257.76642816833703,367.3133647654181,619.891498650136,86.52068764408963,0.7567489806709287,2,0,0.49313161525735905,556.0,530
S0881,Database,Google Cloud,E2,47.58394908171147,1860,801,82.27355697063105,35.31663158168563,445.3813113769976,740.6290235520094,56.03897612162893,0.8109813120654883,2,0,0.4924216495420442,155.0,531
S0385,AI Model,Google Cloud,E4,42.89830075225485,7768,534,931.3360515884402,156.77443268205144,118.325060878856,71.32678600975845,83.01934191004443,0.9205224912562802,2,0,0.49222181351373717,933.0,532
S0136,Network,AWS,E1,62.11134409696428,3147,793,666.1683114676244,281.3337439767796,359.71606675158654,709.1827085555352,80.42915773199542,0.7793647217622695,3,0,0.491887965131672,586.0,533
S0322,Storage,Azure,E4,66.14735188023515,5189,677,481.6966585270055,123.8942368284073,172.51234364673857,427.8846839544877,52.82006788803952,0.5042846054053703,2,0,0.49138853556013984,616.0,534
S0198,Compute,Azure,E4,30.151556170826414,3436,257,607.1602439585208,154.4723083019308,400.4621694353336,490.373846991058,88.69003742845169,0.6463044470198227,1,0,0.49108622298530163,425.0,535
S0543,Storage,Google Cloud,E2,29.07687503638948,1071,879,798.519545436285,216.85954453035157,225.7833692823532,336.32220597804127,68.34966335409737,0.6978684316833593,3,0,0.49056549201374,345.0,536
S0248,Compute,AWS,E3,28.60766539019131,5103,743,637.0776228397058,187.07977698336515,141.08824482168774,347.10406037898014,95.53215079172728,0.6754610474828397,3,0,0.489993784652972,705.0,537
S0754,Network,IBM,E2,24.95073831051812,8068,658,790.0904322550223,261.4589287927425,52.50683139567697,331.03158265277,66.46526564322997,0.7337719248468828,2,0,0.48995901783068924,936.0,538
S0033,Database,Azure,E4,79.9035643740931,5670,776,100.46036381180512,174.8568295184514,10.366377101560222,676.3895179149017,78.56069548073988,0.5923569547849417,3,0,0.4890694161902372,463.0,539
S0046,Compute,AWS,E2,52.4057662208147,4131,731,505.472542708051,244.6362231728832,233.68933911735115,647.42948719264,87.94978812453638,0.5102558015116947,3,0,0.4890075667593976,553.0,540
S0406,AI Model,AWS,E1,28.30404449947368,5841,88,10.184662888956485,23.35050200007884,103.382262793425,438.3533664076139,95.07528097256515,0.6653974973905217,3,0,0.48828280056075785,281.0,541
S0926,Network,Azure,E1,78.73988099739694,1170,454,70.81087796723435,56.31846187038653,303.45271643108543,656.5323171195365,58.17775192069091,0.7158254270921907,1,0,0.48709272476992993,18.0,542
S0550,Storage,Azure,E1,70.14294850421855,2973,436,56.5032611871584,100.28195653717616,21.56006421258997,520.9062317172782,71.1965267514833,0.6485481095865405,1,0,0.4865598425076879,41.0,543
S0555,AI Model,AWS,E2,67.70720348071566,3440,876,178.17386846043158,40.26160651638796,110.5578427740952,388.0034714299434,99.8565947079183,0.5263210563135805,3,0,0.48597706483146824,226.0,544
S0819,AI Model,Google Cloud,E4,43.72026122969801,7629,948,332.8467739874477,286.41134199529057,307.66115941519894,937.556301890683,74.98528366673277,0.570389170006116,3,0,0.48527823600144715,903.0,545
S0551,Network,Azure,E3,70.90024675044236,4632,817,928.7712327265596,267.25859608273305,212.7291198143616,366.09744628466274,53.32365651045858,0.5271355926946868,2,0,0.4849603741246257,820.0,546
S0277,AI Model,AWS,E4,35.36609556130344,4617,142,136.49690626209053,224.3133763170773,163.60390632476071,775.765036509337,89.53014823848777,0.6261394797884182,1,0,0.48493276155710674,244.0,547
S0777,Storage,AWS,E1,44.11217759359115,8105,628,15.0882313097047,60.88581278438381,474.4530865795437,845.9796066133946,98.92221960767849,0.956706469082016,2,0,0.484850350051569,741.0,548
S0041,Database,IBM,E1,29.607180977465003,597,806,17.97851230869859,165.47206782906542,236.967723791371,811.4624876831217,69.95546752873646,0.971116859745583,2,0,0.48474926344245595,49.0,549
S0093,Network,Google Cloud,E2,74.48462863347535,4441,671,242.64433475934467,224.7233972813244,209.8895310002421,801.0391750565974,67.28651260964989,0.6390243741666697,1,0,0.4845481433269562,429.0,550
S0743,Storage,AWS,E3,76.50709416927268,3902,301,528.1731132167971,95.5446665294636,228.7137439206637,339.34659797414,50.06777622489744,0.9547303990243856,1,0,0.484470574058699,358.0,551
S0462,Storage,IBM,E2,52.282055774074266,6873,737,474.8234786921773,144.31330718882177,51.34173925486747,354.6964377274394,52.96116526983037,0.6779229556224853,3,0,0.48422907035123114,770.0,552
S0201,Storage,Google Cloud,E1,91.74609658125937,765,174,476.2405581847893,242.50947113827243,175.91950226518995,578.1164162206044,82.13868308091463,0.8555647590015449,1,0,0.4840842352464329,51.0,553
S0578,Database,IBM,E4,52.24483080426111,5297,675,442.68100662376577,296.0137834636602,312.754660661898,850.8024934821518,70.99693426741192,0.6315348569167706,2,0,0.48397987522992714,727.0,554
S0740,AI Model,Azure,E4,82.56084477505068,6296,543,639.7077361487034,245.9826354037297,24.27065464466159,405.5906937360084,53.31450937232752,0.5322025580075216,3,0,0.48392287723933497,768.0,555
S0902,Compute,IBM,E2,43.38978934376624,7449,664,47.32074766570427,28.09899279146946,237.9506622296188,581.501496483529,70.88195029343514,0.8200151941758402,2,0,0.4834874273849811,639.0,556
S0259,Storage,Google Cloud,E4,83.74815286104965,3220,560,802.2042842067433,207.12648141694527,251.836393198832,345.48483389732013,87.0151529949542,0.7812560595676583,2,0,0.4832677072543036,526.0,557
S0738,Database,Azure,E4,21.073645825029494,5353,296,214.515206059563,294.4082343650674,201.25963183816177,892.5950053387239,50.43345449225655,0.5766480802576937,2,0,0.48288528589752416,444.0,558
S0158,AI Model,Google Cloud,E2,75.17473356793923,4828,529,976.2723716142018,89.50975263465217,370.1628130614984,70.00489437850405,70.07708690026412,0.5450568164670723,2,0,0.4824369646973796,807.0,559
S0116,AI Model,Azure,E2,85.74880713711504,1576,624,540.0142617698347,163.01217767333446,484.4223320228237,660.4965384503851,50.94638202557317,0.6969889144586218,3,0,0.48227315968459844,287.0,560
S0313,Storage,Google Cloud,E4,40.76783655333567,2173,199,90.22822436040622,295.81207953784,158.28535963508995,909.7137861614184,80.96741244794185,0.632947621013631,1,0,0.48197169455504324,38.0,561
S0870,Database,Azure,E1,42.147610817887454,4852,742,517.8495563226984,252.80555541660604,18.47114193404797,450.4765358071325,83.28577176285702,0.7773495882916579,1,0,0.48182999033778856,565.0,562
S0022,AI Model,AWS,E4,77.69173608786002,1031,620,104.77176419695331,228.99670226931056,35.92464230262554,718.9667783849553,69.43161451994195,0.5847817592855545,2,0,0.4806709114722609,24.0,563
S0986,Network,AWS,E3,83.27372480388678,8093,952,737.3614845623754,13.496348261223016,375.1683282244962,175.15660965036594,50.41828299920721,0.9116737384730702,2,0,0.48049617189243177,979.0,564
S0858,Database,AWS,E4,23.92662651406043,5985,291,664.1905443940012,158.66130589670036,16.16312811823574,102.58229975719044,92.32805849806428,0.7394969668196552,3,0,0.48003672114302565,636.0,565
S0712,AI Model,AWS,E3,52.93623624753112,8064,900,34.3718040028262,125.32930152460632,177.1631696516447,746.4953719512561,60.10415825039618,0.7447937981215237,2,0,0.47924427856394186,722.0,566
S0556,AI Model,AWS,E1,88.49652106821776,4908,848,64.86172955782199,72.94417128144889,102.86433118631464,540.3280644407729,88.6205499813642,0.5296544474005485,2,0,0.47921484036983397,392.0,567
S0885,Compute,IBM,E3,40.06945075459787,5945,749,751.8852265569144,46.47461586114285,397.0875050082186,176.79543531802204,64.10777920180696,0.728730823292911,3,0,0.4792093679643719,888.0,568
S0995,AI Model,Azure,E1,73.37921043095366,7803,468,482.9647051355406,61.74217713040495,199.1886025303673,287.5783454682447,74.83226061947522,0.7637818606784028,2,0,0.4791835215411984,834.0,569
S0311,Compute,AWS,E1,84.28844427490647,678,985,485.2469035369848,285.8682172376125,287.5939011380368,768.4219103254026,55.40846937753797,0.6742545748910427,3,0,0.47889493559267915,246.0,570
S0981,Network,AWS,E4,23.292495698225384,3402,834,194.10189248184352,215.91108294777425,338.5188659884295,846.6217466735534,89.91364982731528,0.6792538155976668,2,0,0.47879478468453757,350.0,571
S0516,Network,Google Cloud,E4,85.56668935138819,5765,181,391.25157679479935,75.6955065624792,307.12919732169587,451.4124112126621,80.38549041135023,0.5399282122911282,3,0,0.4787450711116422,560.0,572
S0437,Storage,Azure,E3,87.71712463939905,4573,473,156.87673391662165,18.882221940705573,496.3865187419064,660.6377225568717,76.04370183174429,0.7224027475293908,1,0,0.4785006662613234,424.0,573
S0207,AI Model,Google Cloud,E1,87.96909353907775,1211,590,606.4451323964205,218.78539500723824,459.7085997222754,652.1071271930924,96.90269267769648,0.8684981558635112,1,0,0.4784325976803448,291.0,574
S0927,Storage,Azure,E4,78.52820926782353,5569,384,231.68534191862364,18.627962544480507,144.46174329018382,322.4749598466796,71.79241797568041,0.5261227918504139,3,0,0.4783395322483108,422.0,575
S0213,Network,AWS,E1,24.90246181732889,3239,622,143.7293447635031,19.65013998061707,388.85216895600985,545.6560645013689,62.04390318527413,0.9288301985211282,3,0,0.47801073387564047,203.0,576
S0585,Network,IBM,E2,81.68167802512087,4974,981,732.9409010142894,281.6586109955948,133.6768403216541,478.1707553378664,52.65229405985141,0.8571077184286569,3,0,0.47776404399510214,801.0,577
S0503,AI Model,Google Cloud,E1,28.10193155980185,6675,879,821.4134575351419,254.2786099609539,112.43848310262442,272.48910679868567,99.98538189109156,0.5943102595213156,3,0,0.4774983440518216,932.0,578
S0798,Storage,Azure,E2,59.012741923306336,5676,154,202.58968283679928,209.68963275334104,296.925033813749,817.5411285135692,72.03829007182706,0.9608946165542632,1,0,0.47721121518333826,471.0,579
S0099,Storage,Azure,E4,61.63137119767147,5468,635,284.9418964773354,141.94016494087737,320.2117119831568,659.2024237940262,95.68825016518991,0.5133012817982819,2,0,0.4766986165634507,608.0,580
S0506,Compute,Azure,E1,62.903648252697565,2707,926,290.530428202207,35.608121343077634,275.3824921712586,420.5817368412029,50.517279823635,0.8546485684588326,1,0,0.47664710939606064,245.0,581
S0701,Network,Google Cloud,E1,63.29592719248484,5429,994,817.9182519199178,280.0427017819447,10.784581899024126,271.3923968535288,64.41013469250194,0.7535719413201926,3,0,0.4762197188075751,812.0,582
S0951,Database,AWS,E1,63.37237995652705,3918,121,481.7612061239149,128.58412106153858,413.8913131022085,531.1335581846884,76.09674820322886,0.7968753762035898,2,0,0.4758261794962735,399.0,583
S0055,Network,Google Cloud,E2,41.44300919293701,6395,874,830.2032525562886,28.881352154127995,467.4544234432778,105.30663647157266,86.62207295652246,0.5139248887913779,1,0,0.4754713371851552,956.0,584
S0695,Compute,Google Cloud,E2,41.43376666444027,7427,542,339.45306027118755,119.0754527463013,247.01977787144943,525.5518449758838,67.87348227508707,0.6689727855226454,2,0,0.4752255854256629,786.0,585
S0337,Compute,IBM,E2,61.98167627287869,4432,560,101.57543355957417,299.2678486959391,11.0702300000519,819.2818837023992,61.53671383030594,0.740490123023164,2,0,0.47500099926187533,259.0,586
S0573,Network,Azure,E1,45.73755148794937,3216,437,215.7055867520745,255.7342163038306,98.6285169684148,717.8421398394785,51.51897899772312,0.6366644383329454,1,0,0.47483875279188625,134.0,587
S0284,Database,IBM,E2,77.90093572324928,5742,978,135.00842573665454,107.02836310270445,240.9476791114835,673.3928313549262,70.77466983479572,0.7669642202495506,1,0,0.4747435937316656,596.0,588
S0485,Compute,IBM,E2,39.07936856313852,5385,496,204.91899305792677,205.512909680166,339.28968346846216,838.2109001962108,56.24599053703167,0.9421036759146592,1,0,0.4743197824147957,516.0,589
S0956,Compute,Google Cloud,E4,70.55977216520472,5292,844,220.1627852519054,21.032689012853837,336.597657574838,507.1287439013474,51.82601896906869,0.5416009082544675,1,0,0.4741803039829782,558.0,590
S0638,AI Model,IBM,E2,41.63040783640593,4882,229,518.0433314592156,81.9090883691914,227.41370904453728,252.09061782375943,64.37750197127215,0.7859241644452228,1,0,0.47408983791307713,458.0,591
S0475,Network,IBM,E1,27.816860210626075,4057,81,358.026837449201,39.03202638518264,199.32038719703544,228.96575886812937,71.43324121947424,0.9531957411810796,3,0,0.47376014659766635,196.0,592
S0176,Storage,AWS,E3,82.37727827568301,7362,999,39.72111882758116,21.90654145309361,351.40985931834814,654.3269843416624,89.69478275972584,0.7801759870099809,3,0,0.4734267636231705,724.0,593
S0125,Compute,IBM,E2,72.17136098726051,2284,877,229.5641584103954,103.42996273693932,491.60145774915605,735.066618309028,87.68903005432077,0.8868236975276671,2,0,0.4732183258433766,279.0,594
S0759,AI Model,IBM,E4,25.423735644345395,8041,419,603.9681796784554,281.61013088189463,334.7650090443952,656.6165410318177,99.05655978557752,0.8531843859251538,3,0,0.47299723536071187,945.0,595
S0792,AI Model,Azure,E3,71.19629159175517,7327,332,641.9670716462275,252.32789323719604,447.1965786136721,701.1684962527269,70.38696080957975,0.6589799158298089,1,0,0.47270651809579123,938.0,596
S0205,Database,Google Cloud,E3,39.62792628019295,8188,117,783.1101628222295,119.41110952347285,467.9247203547114,319.5582344624332,71.67318498665618,0.9059065534728892,1,0,0.47269465564867547,921.0,597
S0637,Compute,AWS,E3,93.80098724078482,3198,250,203.7980503415684,5.6125726920239565,200.45062782876573,308.1221429113883,93.37385117479865,0.9159950265551736,3,0,0.47249917924601215,86.0,598
S0293,Compute,AWS,E4,81.65773704501692,2264,271,305.7950423437091,98.28346115618236,95.6931287354827,340.88612445797713,62.08012310200199,0.8922528011481086,3,0,0.4718610409402399,29.0,599
S0427,Compute,AWS,E4,27.240085264658063,7738,80,222.767366072852,137.8197045684221,198.13403436303605,551.1211473303485,90.51821998797186,0.9673994848367498,3,0,0.4717284749890881,633.0,600
S0379,Storage,AWS,E4,37.03846677676361,6114,407,924.8666387521668,280.5235023726332,87.98795115697662,185.6829049625385,62.66264084828581,0.577030826430324,3,0,0.4716826324390804,822.0,601
S0682,AI Model,Azure,E3,79.28823457061637,2979,465,185.55328769170004,201.74594817937904,360.1355495856466,839.2290191650226,86.70542906154513,0.5356614947064071,2,0,0.471353451613075,207.0,602
S0903,AI Model,AWS,E3,78.0493533614572,6011,784,809.9871389448624,174.16238847992005,40.962256844512936,63.807428502691145,86.8325937612394,0.969630114455762,3,0,0.47117380123208885,824.0,603
S0664,Network,IBM,E2,50.13341004907432,3355,286,130.47835365940557,152.366758885378,317.3839271350286,735.1013048031833,74.45670158579536,0.7453237496703634,1,0,0.4705914925374658,146.0,604
S0422,Database,IBM,E3,41.11408988111975,6555,944,170.91260759402076,247.0606710850662,426.2402517759945,992.9678326525772,80.43989800901969,0.998336304276396,3,0,0.4702967507080261,773.0,605
S0877,Compute,AWS,E3,73.49051624619634,7961,910,239.5228787975792,72.6710831355427,85.95424703420974,374.4911512970614,98.87125208447108,0.9193522622669298,2,1,0.47017911119981437,772.0,606
S0674,Database,AWS,E4,60.72684379682474,956,751,189.3601323415199,83.2084088724689,123.97589245289042,414.95272005578937,54.7453954883039,0.9819718671344716,1,0,0.4699659334339682,30.0,607
S0568,AI Model,AWS,E3,56.45003703482023,5225,811,123.6060634196971,159.1365586227236,60.42349328758031,576.5856705555549,89.16584451096807,0.5151696234091592,1,0,0.46989641348268857,433.0,608
S0739,Database,IBM,E1,75.34021389211475,4118,749,320.13381181480423,200.2341649294553,455.44064601939846,819.914756334844,96.37585078539124,0.9573759157127012,2,0,0.4695353862367505,533.0,609
S0561,Compute,AWS,E4,87.68399804643813,7843,357,583.8229062558553,19.134591034433456,370.2730959903288,233.3348075420772,58.29936108019382,0.570776054738553,2,0,0.4694352414975829,876.0,610
S0918,Compute,IBM,E1,47.88044711797477,1899,160,905.0939990524088,205.76539651095715,405.3212898280938,268.31602435153184,85.23977999626477,0.7666974457534023,1,0,0.4693842061838055,401.0,611
S0058,Storage,Azure,E2,83.48857540177085,4150,435,331.1023496181052,93.9316025403462,197.2064024304179,410.6193886259157,80.4514472353458,0.915344802599007,1,1,0.46934585163054643,301.0,612
S0911,Database,AWS,E1,29.01554218404322,4416,906,274.40425738176907,263.3271126379013,309.2585720258638,848.3803149148735,63.05143326467246,0.8777155503110138,2,0,0.4693104509909547,524.0,613
S0346,Storage,Azure,E1,60.55953162391583,6545,272,555.540443761983,18.86278779591965,265.63878266979,128.60138831271797,55.54601154374033,0.9376049022240128,3,0,0.4689799231412831,711.0,614
S0974,AI Model,IBM,E4,70.97152495513308,4647,439,658.1780950134586,15.14894649377018,427.9426596583036,169.2479721664821,53.077833879999964,0.6245872486211832,1,0,0.46865557858686874,629.0,615
S0340,Database,IBM,E3,86.76935397633515,4366,228,769.8238422847984,96.54059915855076,461.10778698828017,263.33149580545154,79.120048243397,0.7688862456378217,2,0,0.4681933081995522,637.0,616
S0180,Compute,Google Cloud,E1,90.55094338365052,4647,550,177.3711606553191,270.0148061744613,383.943528295325,996.9673270449114,63.45261143710815,0.788561134957221,3,0,0.4676890594413443,472.0,617
S0779,Network,IBM,E2,36.95217483619998,3024,969,93.41282364379155,284.59983947426485,233.6425854590879,925.946362020752,77.7852430195973,0.9004047473384162,1,0,0.46757469390397244,270.0,618
S0162,Compute,Google Cloud,E2,51.5936039970554,3730,414,130.89040076504506,212.77891820736824,409.3575051713126,899.4730506857427,86.14717121947236,0.6462702142407849,2,0,0.46738234530557693,272.0,619
S0652,Storage,Azure,E2,34.5967877528654,4333,416,113.629210830178,136.62027915474548,180.9465041365923,583.404046549843,98.41039638516833,0.7937562397133895,3,0,0.466563440427363,227.0,620
S0460,Network,Google Cloud,E1,62.88292640362417,5176,958,607.3008542499144,267.6800796603203,285.35457389668727,626.4852354091538,53.93310291571294,0.8928763619433664,3,0,0.46642050230433413,823.0,621
S0967,Compute,IBM,E2,67.31913426718725,4316,456,756.991546743436,295.20183493434854,376.3732518664139,578.8956923712569,85.14737743084532,0.9972250442727922,1,0,0.466292961735524,719.0,622
S0436,Database,IBM,E1,23.61071269837651,1985,315,596.8432314614829,28.36787925246939,361.756584470445,111.04008680688048,54.66489277383717,0.7868266014943786,3,0,0.4659083556121033,183.0,623
S0843,Compute,Azure,E4,91.30795307985036,6140,674,402.7875058909741,295.2596273420087,159.21636268417782,725.7025334749304,72.9747887432205,0.6033802620348808,2,0,0.46584580254684854,752.0,624
S0188,Compute,IBM,E3,56.22266540640164,4585,482,451.97750257858326,12.305638884964605,232.10105576996045,124.41070239175752,87.20633428571851,0.8318991960213342,2,0,0.4655827154124281,435.0,625
S0044,Storage,Google Cloud,E2,36.846170888288896,2980,987,116.53804291226024,122.19508448793562,322.1720855388106,696.5384992926794,66.22770548654631,0.5790632848165341,1,0,0.46551568509193564,258.0,626
S0820,Database,Google Cloud,E3,27.64192910495101,5241,427,80.20679989309944,66.92582349567519,266.3474203949315,546.5941441540119,79.69703104717027,0.7566192860482296,2,0,0.465486744703907,362.0,627
S0723,Storage,Google Cloud,E3,71.57915318229206,753,420,92.88768846689491,178.56787831920872,256.4914363029405,747.5584290041796,60.79021255298467,0.9764551567817548,2,0,0.46493079695157985,12.0,628
S0625,Storage,Azure,E3,32.00187023473956,4413,387,206.82592032802893,245.7472441097071,186.2968125571455,739.2041323147126,55.52047488383632,0.5800982066027214,1,0,0.46486308487605155,288.0,629
S0020,Database,Azure,E4,92.58950261337728,1441,93,523.0934146831698,178.02097540604737,24.293247222464213,221.6048630442496,71.78671784216539,0.8967182909436808,1,0,0.4648170286187191,43.0,630
S0224,Database,Google Cloud,E4,69.78422646316918,6446,589,943.6312784329018,226.2952026822962,339.45731038677525,294.9203303221707,68.07326642492578,0.8729321191826664,2,0,0.4646903990991489,963.0,631
S0917,Network,IBM,E1,46.1071694876216,3058,662,28.09231902627117,238.4520611412513,305.6680639879205,927.555974703316,76.76263673146545,0.8406565926739421,3,0,0.464312646937311,198.0,632
S0970,AI Model,IBM,E4,91.84505907925778,514,75,703.9260113678192,152.51000509303435,263.6237378763658,225.0089043315413,69.27105498649394,0.7874347475790354,1,0,0.46420584506109946,121.0,633
S0810,AI Model,IBM,E4,58.33468544279224,5365,136,408.2014974986412,199.8145344567685,466.9934499619652,740.1719090205515,58.585041827515454,0.7059969947460862,3,0,0.4641614836690438,590.0,634
S0344,Database,IBM,E1,84.3632789867873,1663,514,240.21591830464644,286.5933835131625,10.62135768859022,654.142597904362,50.142107683198624,0.938421265940879,3,0,0.4640810633963708,42.0,635
S0615,Compute,Google Cloud,E1,71.62056768351778,5997,560,414.9942971485274,73.55919363325188,230.0508624112956,343.04575195355204,52.7874799235164,0.5604998837560332,1,0,0.4639579645055066,665.0,636
S0091,Network,AWS,E4,20.699871487032,3942,966,342.2670402481326,165.65565736967108,499.0089532235476,725.3496139375145,89.48808868673173,0.9935411820029852,1,0,0.4638951276817434,567.0,637
S0898,Compute,Google Cloud,E2,54.8071369590128,7196,781,775.4516662461707,246.0465942541946,481.8169007472384,586.7808987271524,68.06331942029948,0.9926349940504507,3,0,0.4636979109254442,992.0,638
S0149,Storage,IBM,E2,79.14612235043049,5069,817,353.0931722183821,29.857988015976076,325.0998868346145,378.8030751561873,53.12237655987537,0.7660663697911763,2,0,0.46278272898828526,594.0,639
S0112,Network,Google Cloud,E1,47.595556347656334,4211,589,370.4716472603944,185.8798137753903,115.64878496909192,443.6106633191973,96.7907812055573,0.7127816828591758,2,0,0.46258501388944595,380.0,640
S0298,Network,AWS,E3,59.2497223396056,5502,139,156.73528747833137,92.91202287215783,343.1861379437944,605.1037451745735,85.32749011414134,0.6551990476479224,3,0,0.4620432026162546,418.0,641
S0570,Network,AWS,E1,23.28043042317105,6917,536,177.80905094739805,236.96783834153692,199.75056361970277,747.5164111267792,84.89858954618069,0.811813916430658,2,0,0.4618235160309389,661.0,642
S0957,AI Model,Azure,E1,39.49287344321246,4689,318,124.40279291382542,10.46671391032832,405.6927651450166,486.5271532418016,81.01443262942925,0.6466980723928923,1,0,0.4617368772283478,313.0,643
S0567,Network,Azure,E4,42.12805307406172,2605,774,963.5274367944158,234.91272524886037,297.506578293998,191.05902385502017,70.9543876835483,0.9920966958592816,3,0,0.46172916334195807,580.0,644
S0186,Database,Google Cloud,E3,80.19824823467829,4119,969,770.3253809600775,101.87372238689858,231.1297368170436,67.08872499376827,94.39296748677764,0.7124153683216556,3,0,0.4615379098862295,692.0,645
S0222,Compute,AWS,E4,87.48750092654544,6322,671,28.202280730081316,145.2388273298673,50.18526319201194,592.538504312789,96.55129964875336,0.9667205035854292,1,0,0.46122581984689814,487.0,646
S0217,Database,IBM,E1,87.98280900083083,3668,97,768.1707488425608,203.4630159428426,229.20176901275656,260.37834680458275,66.56041511642609,0.830059451498087,2,0,0.460237824355356,442.0,647
S0727,Database,Google Cloud,E3,42.45466912787609,6958,267,159.85745955064218,179.84533965964894,255.8919840148504,720.3763671802492,50.93232932073914,0.5767087897054437,2,0,0.46022757989320573,597.0,648
S0349,Storage,Google Cloud,E1,55.3375924199611,554,313,305.0948940195745,75.5092877264533,464.0661214045663,516.1596286306349,71.76153590047119,0.5809835922014701,3,0,0.4601597521220668,55.0,649
S0032,Database,IBM,E4,92.6366583195788,8106,449,292.8425981043169,26.32169953408709,453.1818776656221,508.7120267337994,74.09017212694707,0.6996630731957552,2,0,0.4599850982318857,821.0,650
S0471,Storage,Google Cloud,E4,64.3772871729744,1853,552,875.1362059658081,220.35050771885412,344.47364709283966,274.51976075531365,77.93111684330947,0.5891250719789817,3,0,0.45971905603138846,430.0,651
S0753,Compute,AWS,E2,50.53298668442207,4447,857,35.31410109883733,150.72384899635543,105.7258908158181,622.3857953959922,68.48215588112608,0.9295945193607846,1,0,0.4586884969401737,309.0,652
S0794,Storage,Azure,E2,73.54644743799423,8051,162,861.0827892295296,207.6477233260356,107.0214848507012,69.0500742948081,88.39833789049027,0.7556490121852443,2,0,0.45832947341606856,867.0,653
S0672,Compute,Azure,E4,22.95946496681745,7508,281,334.1467491461135,152.26000302533248,186.13766470843237,456.1304185276978,81.09572106419391,0.6787415517459414,3,0,0.4580899936633477,706.0,654
S0310,AI Model,AWS,E2,43.7571257800645,6009,925,396.0007488281698,65.77167517285176,110.31253243549946,175.43341804549578,90.28523962406018,0.7674520431913221,3,1,0.4579658907870523,678.0,655
S0010,AI Model,Google Cloud,E1,78.09901483858863,1308,879,536.3444135268381,187.65457305170224,141.9029723419196,349.2044588228215,71.50276725956371,0.6004143750874604,2,0,0.45786807400989576,206.0,656
S0085,Compute,Google Cloud,E1,71.6663976537568,4418,727,726.9902221358298,239.908695707464,463.2816326590569,560.7993456673455,82.39111524122178,0.5572726497932412,2,0,0.4578311485666581,799.0,657
S0120,Storage,AWS,E3,74.15532036520528,1728,454,518.051252919211,155.73636919829332,288.0471719313825,410.0555415192895,70.54045005048403,0.8226993371562425,1,0,0.4575548378818688,158.0,658
S0247,Database,IBM,E1,59.25431835307748,8061,616,497.673015169596,108.30861090184962,148.0807016942813,231.6499918594047,97.71984510167373,0.5941841160335348,1,0,0.4564620222425868,859.0,659
S0519,AI Model,IBM,E1,94.46126292493028,4361,842,884.7290810864885,156.59062508541513,361.869851598451,205.42799980152657,64.68809365136931,0.7820634718809982,1,0,0.4564192050428731,804.0,660
S0724,Database,AWS,E3,74.20302182736714,7110,293,392.0801158275581,67.73596452084614,334.4347946460078,402.550786544562,57.93185933247993,0.7027019804254621,1,0,0.4555950649375052,746.0,661
S0124,Network,IBM,E3,50.94663806364678,7671,566,171.70328160816666,110.59855238716555,205.83242102201928,533.2573436929072,80.77454798333596,0.8798606643404627,2,0,0.45481039733811784,708.0,662
S0137,Database,Azure,E3,62.049507081212816,2841,816,871.9275426686556,157.12458256773655,410.8913347526226,201.6511189347681,77.99276900172386,0.8124711375536975,2,0,0.4546109663608872,603.0,663
S0225,Compute,Azure,E4,92.25458256601628,2499,758,330.5813791534071,139.76125234405987,171.09246250168047,436.4815150285417,88.88401881374463,0.8973402877554035,1,0,0.4545333252773982,191.0,664
S0127,AI Model,Azure,E3,66.46920030948806,3292,863,266.79451673576426,45.81861926201606,256.2887566544142,359.4171009988172,65.4864610875665,0.8059520423836621,2,0,0.4536463344049146,267.0,665
S0088,Compute,Azure,E3,77.08411527823685,1140,178,806.9140930952619,238.42886628652164,354.17862927443895,325.84980186171947,95.21905673327618,0.6330791930255882,3,0,0.45346753203070567,253.0,666
S0840,Network,IBM,E2,69.97890601836548,5019,939,130.66920170694775,278.7641998351674,185.8456585869908,852.5521509726159,53.158026408206965,0.7614907575529163,2,0,0.4531417984269605,502.0,667
S0861,Compute,Azure,E4,81.66349151123174,7413,229,847.1969870545689,246.4008062142144,129.38289897933564,185.03381091802183,62.9250283849797,0.5367906472448454,1,0,0.45313810457957143,868.0,668
S0132,AI Model,Azure,E3,56.07296674145928,3383,105,630.1924494801578,211.75538124200145,303.6857076965433,400.5382320248687,82.98818202265419,0.7562913134235683,3,0,0.4526786993580801,360.0,669
S0812,Storage,AWS,E4,40.71271683656746,8093,232,708.5790424052917,203.48534852652688,398.4193606961952,444.4054072738989,51.27363458675536,0.6963495566794706,1,0,0.4520633581724963,929.0,670
S0842,AI Model,Google Cloud,E3,77.07783426880872,2922,119,72.4986101158868,5.68540480891943,197.41738568547123,301.41702974882344,70.78396475814343,0.7004226178267394,1,0,0.45122340026597213,23.0,671
S0706,Database,Google Cloud,E4,77.33958459910383,1334,866,642.1038969511442,237.78335293638324,207.6485094629131,382.1059359951725,84.19215153226807,0.6244081576691111,2,0,0.45050476577689674,277.0,672
S0094,Network,AWS,E1,94.38574635120226,3277,830,831.849473167939,136.55688580217003,490.32799183008456,280.7980936026918,58.56991561623762,0.6992829808000269,1,0,0.4501217234022852,679.0,673
S0614,Network,AWS,E2,54.05012158970862,6648,771,136.29447282565718,58.94503539268736,117.64424535415488,369.3522448572938,51.12746107650432,0.8625465619932711,1,0,0.45002969695993106,579.0,674
S0884,Network,Google Cloud,E3,58.68964270342461,5638,409,242.1544828973528,155.60347708315916,384.4832830540038,690.4877417216832,58.01602356834672,0.7125946917868291,1,0,0.4499633521239061,559.0,675
S0170,Database,Google Cloud,E1,64.08270206466486,7491,930,54.841697176946674,162.0057480825772,229.27641595275895,746.0651746772667,50.533614392441706,0.9039828446303788,3,0,0.44973625329007144,710.0,676
S0620,Database,Google Cloud,E4,92.30130553382769,6951,657,593.1298900711024,56.92730273713447,314.7845025164005,183.15716171359384,76.12864101309047,0.6981780859837374,3,0,0.448743148167402,882.0,677
S0491,Compute,AWS,E4,92.8649518175788,6267,376,225.99258629734047,162.57121036003068,351.9535537225507,691.7557501890539,93.59925481224784,0.662330633592597,3,0,0.4487232139601706,627.0,678
S0270,Database,Azure,E4,78.97086495380248,6817,704,618.3409197365149,23.844531392116338,366.4928493427699,116.30951065001226,63.11524656922198,0.7924963668029109,3,0,0.4485963010964317,885.0,679
S0640,AI Model,AWS,E2,49.211142117681526,8122,413,446.1337682742648,218.05374910872564,211.551842262306,528.4389410749213,71.3272849305038,0.6048877068895541,2,0,0.44836830897919266,849.0,680
S0026,Network,AWS,E3,29.103981361955483,3037,944,319.9196436125154,144.39205563177765,354.02045777340334,558.8770586417065,75.62919515662553,0.9570782308267506,2,0,0.4483358775322652,374.0,681
S0916,AI Model,Azure,E1,58.84703957844342,2984,601,130.6607067635698,98.13773328229414,34.43364248214764,333.62052968305574,51.85259968467464,0.5926037558219468,1,0,0.4481578770602786,68.0,682
S0692,AI Model,IBM,E2,84.76606418859089,4281,995,315.7142525961192,136.22761100545625,374.36523360470267,623.5570741350937,55.77589500534911,0.9134517720134844,3,0,0.4477501678822323,555.0,683
S0535,Network,AWS,E2,39.32054152502914,1689,787,529.6509868585799,77.02353034953764,366.3615505216927,224.011051056878,98.47784376115926,0.8598472857304187,1,0,0.4475835952987432,249.0,684
S0435,Database,Google Cloud,E1,75.73948990487025,6852,535,681.607966647983,230.9311855704468,482.57176798831057,570.036085701164,89.22682593424477,0.7336436790910601,1,0,0.44753338646257357,961.0,685
S0464,Storage,Google Cloud,E1,52.59469706440338,6300,420,995.6814552588602,285.88245553752364,356.7990717266451,270.9396705439872,59.23256229468488,0.8081086981470695,3,0,0.4469528366470883,934.0,686
S0279,Network,Google Cloud,E4,85.96863912136469,3064,703,52.04521016396782,258.8970074277211,322.79153191405806,921.8707105034028,65.52885077753936,0.8979565712100782,3,0,0.44692591072956694,223.0,687
S0939,Compute,Azure,E4,90.7043239320584,895,702,677.2773595351276,190.9016500416772,134.78422635189895,189.5494557172861,51.15733859575042,0.9344756973004033,2,0,0.44685930716243,197.0,688
S0126,Database,Google Cloud,E3,20.2413697703209,2472,169,324.3790340708067,119.370070677507,272.8704916823518,385.05656416124793,72.36068703968925,0.7278081869834203,2,0,0.4465536373193648,65.0,689
S0483,Storage,Google Cloud,E3,67.55780235322484,7674,769,906.483449549612,189.43875688427423,335.7608154509728,185.521633899504,78.78926054447058,0.6719267877712897,1,0,0.44653986740580515,987.0,690
S0381,Storage,Google Cloud,E3,40.94570663408078,3275,955,834.8723130307076,240.23133558279469,215.54592769401168,206.3492374778277,55.08772642505079,0.6693216357239316,2,0,0.44546181701957405,614.0,691
S0441,Compute,Google Cloud,E3,86.92268736047392,5772,404,871.2384545687121,281.0687093538328,354.05681494648286,381.5998032384738,84.91362967652732,0.7705807795503292,2,0,0.4451142013171941,891.0,692
S0532,Storage,AWS,E3,20.117382889360467,8131,692,780.0331320138662,213.5521139555597,418.26391329487245,381.1723459707034,73.51857836924333,0.6695654077423514,1,0,0.4447572225302308,988.0,693
S0802,Network,Google Cloud,E4,57.25215671134599,1108,736,407.77520375833024,27.836407835501426,367.4135698760048,198.6055728805381,97.66621324435692,0.9653312519835652,2,0,0.4442630020096494,136.0,694
S0457,AI Model,Google Cloud,E1,70.19001972035588,7486,275,987.8720437081968,279.64459281521226,165.06274250139424,55.12861507449354,97.2892323120478,0.952095603776214,3,0,0.44420087437216077,913.0,695
S0360,AI Model,Google Cloud,E3,37.99055845669585,6531,317,527.9809244211662,76.55056159197636,264.89535778470395,152.04360916441078,84.4322526132195,0.7257115018024851,3,0,0.4439600342295998,723.0,696
S0909,Compute,Azure,E3,77.7618658817822,3191,592,404.65606927093336,189.11345891346804,284.29990386808447,551.4423356832103,53.505902287349485,0.9102482223289275,2,0,0.4436908895926984,302.0,697
S0331,Network,IBM,E1,67.60034549404561,2415,993,128.36637777453586,34.2727308479208,54.012843418546325,187.68590075402557,66.74091723567255,0.6554150505137473,3,0,0.4436848997647961,122.0,698
S0670,Compute,IBM,E4,35.0984080866825,5175,370,302.79008696907044,30.154160775444836,370.3771290128648,310.33951021906205,76.49476482769705,0.9894648235084952,1,0,0.4433128166971812,460.0,699
S0393,AI Model,Azure,E4,79.1335507439974,3605,285,352.1687436406375,92.0090180924909,282.8509603982181,356.32731922511715,89.54248388165897,0.9163045065191928,2,0,0.4432921169907804,221.0,700
S0866,AI Model,Google Cloud,E1,86.01175534411138,750,241,483.9178093858673,36.6306062915038,375.4095295038659,154.1544684084271,86.33352346291062,0.8895337571797348,2,0,0.44277814345712285,72.0,701
S0040,Storage,Google Cloud,E3,69.2358955498627,6748,534,661.4744340226085,66.0818395979947,417.5450693394939,159.6328113486877,99.1340024361217,0.525941038796996,3,0,0.44275502912425874,900.0,702
S0049,Storage,IBM,E3,90.73068783085309,7835,316,551.9967749636954,173.27079996407429,234.76550667709373,388.4483763533111,65.47796507565367,0.9359331229254724,3,0,0.442678848971842,856.0,703
S0456,Storage,Google Cloud,E2,88.22201145774443,6993,233,329.868704649674,21.88482458745877,366.9270187767247,300.81220376829833,93.01266431998522,0.777502836167243,2,0,0.4425271057649006,683.0,704
S0537,Network,Google Cloud,E3,65.28465897120408,6921,455,337.08755892896033,278.1190754608376,78.8485785232107,581.99398789038,58.78000698542587,0.816883829899248,3,0,0.4421857871970555,687.0,705
S0210,Database,AWS,E2,76.95486968134728,1892,732,294.9529858630898,98.21915663194208,268.6034120148593,418.6937985769493,61.90426064035588,0.6380593162217291,2,0,0.4418503514007969,123.0,706
S0195,Database,IBM,E2,77.41346742433323,7927,491,286.148695312742,80.95629796239882,185.7762395775884,337.5452498598169,85.29412223408607,0.5557969623833336,1,0,0.4412015234447004,756.0,707
S0071,Compute,IBM,E2,23.23803018477588,4617,445,465.0543114629767,262.4246362183394,12.38551975119658,317.7020651338027,81.42720154394306,0.9237030674646184,3,0,0.44106218131331265,411.0,708
S0074,Storage,Azure,E1,74.44849324889717,1973,840,206.11456155308667,208.96773696637985,259.4874031256753,671.3736753079602,86.40916785942412,0.710438624871603,2,0,0.44102599426418193,165.0,709
S0409,AI Model,Google Cloud,E4,75.49280905751978,7803,469,462.8686253111893,123.50058336413406,34.91817758155236,125.67123123940176,79.83289459985451,0.8931609030680385,2,0,0.4404511891375924,761.0,710
S0411,Storage,Azure,E2,41.0027997162867,5643,62,460.8293041258015,252.6387040918175,177.06442280487877,475.5560123221263,74.00631145071046,0.9786568065956864,3,0,0.4403402064711936,511.0,711
S0954,AI Model,AWS,E1,67.69660303727963,3384,871,445.6703643158335,272.2997739607256,58.88414327439278,444.45306885011416,80.26718139721152,0.8306910389224945,3,0,0.4401814462581591,384.0,712
S0855,Database,AWS,E3,35.66620430038728,960,712,284.10126979709213,165.97225616574724,224.947208295472,465.3134470821684,85.86096155052101,0.8238350013559879,2,0,0.43950046750015204,64.0,713
S0030,Database,Azure,E3,59.77265999368687,6237,491,385.8205968071536,63.806919393999024,152.5897008866849,150.964585992009,69.18956279534237,0.5304561134357635,3,0,0.43901342133298954,605.0,714
S0357,Database,IBM,E2,73.40105152480857,5281,792,57.61138730791508,179.9515760403705,466.51303238191934,861.5451584762425,86.58021702597341,0.8156887181977146,3,0,0.43895764017507954,550.0,715
S0397,AI Model,Google Cloud,E3,70.30492339293755,5447,956,174.391996266721,259.7741104630611,66.64674919964098,647.0016874717892,62.36025594653167,0.608150470148081,1,0,0.4382899241818486,520.0,716
S0326,Compute,Azure,E3,57.89050801824786,2804,879,596.3783573514747,293.20483610735363,63.96971863029356,349.0648059745399,61.19090430282144,0.5905972297345914,3,0,0.43809016557791297,395.0,717
S0796,Storage,IBM,E1,80.29688806643902,2159,212,225.53538784837,208.3780544920408,210.28444377617865,590.8173138029982,74.97745811337913,0.7392918662163868,3,0,0.43698072170904984,39.0,718
S0564,Database,IBM,E3,30.660284284509324,4003,986,51.013807931193874,7.004981832902976,444.846428468719,471.66319158354094,73.65863258154782,0.6065286753665031,1,0,0.4367585112651132,388.0,719
S0800,Network,Azure,E1,78.15096128023518,3830,605,679.878188471649,228.97549899881355,83.39079452364231,154.66351424095143,94.8497039092837,0.951061119122694,3,0,0.4366664321718867,479.0,720
S0979,Network,Azure,E3,60.99328565242212,6138,195,795.1972525834258,267.8513964753274,201.24107524493687,247.09596615593333,65.4392829176293,0.5776383015886652,2,0,0.43666084206238415,780.0,721
S0833,Storage,Google Cloud,E3,57.03605303426965,4142,299,65.60038980427997,79.74692265465367,401.484795415136,591.045214747931,76.18792482764249,0.6373951322108999,3,0,0.4365610951713911,228.0,722
S0306,Database,Google Cloud,E3,59.977165043460495,7877,853,390.2022120071894,137.83165908026928,367.66252445005233,524.5881402071361,86.09884808992655,0.6667561768314334,1,0,0.4363736314470346,917.0,723
S0773,Database,IBM,E4,80.26120574726635,1173,798,251.1354146059856,206.717519262513,224.67470900631463,598.0391112280985,73.36206722044186,0.9782854287260798,3,0,0.43581211104589945,103.0,724
S0718,Storage,Google Cloud,E2,58.28243667531741,1156,233,517.0925606002811,156.69696832346338,487.6372232760024,441.4917402727089,99.96581340948563,0.6762179707632875,2,0,0.43516856547294025,163.0,725
S0888,AI Model,AWS,E2,48.43205365039522,1332,828,240.3102720029072,59.10997483189703,371.3127562950289,408.5182437260375,51.538758912958,0.8296894643007324,2,0,0.43492307475481534,114.0,726
S0780,Compute,IBM,E1,68.03570316318829,6731,559,685.826078993757,121.99421944396728,308.74764001228834,149.30149348190952,97.35201390721797,0.9591290839706532,1,0,0.43462593461651744,893.0,727
S0776,Compute,AWS,E2,87.95832515993727,2820,851,185.3558727562715,261.5368550310172,465.59794408894646,892.0502147407639,77.1273931150323,0.6474328140348484,3,0,0.43423753764012035,349.0,728
S0129,AI Model,Azure,E2,79.56479984578132,5316,737,99.01708241110526,257.8045023589905,353.6681445521163,883.5369781253896,66.15355342028755,0.8509736000599033,3,0,0.4339668100940019,528.0,729
S0569,Database,AWS,E2,63.28999150509131,7583,645,495.5044339936581,194.1023330024296,367.7637920104482,550.7909625440014,63.41698956373287,0.9992990839682716,1,0,0.43386157984510176,927.0,730
S0276,Network,AWS,E2,58.9539394627953,4063,770,332.5652261627799,272.3388882333659,105.54840138529968,550.7899295842215,73.76485369116278,0.8396235006621373,2,0,0.433593250825354,405.0,731
S0283,Compute,Azure,E4,93.87422421056564,7091,161,136.09577871340227,256.030810325006,271.0950948187973,785.5385903156375,93.76856316636166,0.9693800635818794,3,0,0.43351760309465975,607.0,732
S0991,Storage,Azure,E4,92.04702316348998,7216,68,508.6517232349565,55.96324309263192,258.67945628997245,81.65703946753302,99.6120957430561,0.8114864438440479,3,0,0.4335033152166834,707.0,733
S0705,Compute,AWS,E2,82.06391915797272,7808,905,141.5987622809028,141.88012631794575,307.8527837996804,649.3084867128562,98.27053496843058,0.7910903680723199,2,0,0.4329012056976537,798.0,734
S0299,Database,Azure,E2,41.53534685634317,5719,143,101.17776665759388,189.5160278252751,109.40785619797497,533.1010601848939,74.97743506431875,0.8280555752390836,1,0,0.4327943392398961,339.0,735
S0008,Network,AWS,E3,42.240168596574144,1131,417,449.67409403136895,203.0647914299024,81.30347718983822,240.6004856392448,68.73246095074144,0.8618047188789757,1,0,0.4308176428608137,37.0,736
S0425,Network,AWS,E3,72.77644830955968,6773,839,623.7688792254226,102.12303152571138,259.3537750353804,149.33472151662443,51.25698628781571,0.9126606424209168,2,0,0.430448433431422,892.0,737
S0984,Storage,Azure,E1,35.688909905594585,3178,511,268.3093938536664,50.55264847406783,299.76233498607263,274.73952895054504,64.94738640398901,0.8936251513346815,3,0,0.4302919309732956,164.0,738
S0345,Storage,Google Cloud,E4,81.4297635396242,8131,800,233.7728648207656,275.9638728173028,448.06352697923495,881.2383036500189,96.54490721857148,0.5630277156803517,1,0,0.43024709488243196,880.0,739
S0530,AI Model,IBM,E1,91.62953836137416,2817,500,122.40523590302382,254.2152864505031,495.99757830717886,900.1257406702438,85.15469518797164,0.9063784266485796,1,0,0.4299644531334328,241.0,740
S0446,Database,Google Cloud,E4,22.600270004486248,2061,392,475.2162183132594,184.80423784647004,319.2821582494349,404.8632814985808,62.013129224946574,0.6703275386436496,1,0,0.4296190206626008,153.0,741
S0687,AI Model,AWS,E4,90.80315703690484,1870,473,24.462907137794037,223.9781332365136,264.32062985349233,760.9860271847859,79.7416356943752,0.5796951328744606,3,0,0.42955106742165533,48.0,742
S0365,Database,Azure,E1,68.83606886612556,5509,399,162.38031468507597,113.95946837638252,209.14508509104752,466.7504677548039,58.155733755833936,0.6962630992089136,3,0,0.4289459755221669,419.0,743
S0837,Storage,AWS,E2,20.327245223773183,6773,74,175.78514707280863,250.6446551730789,149.1003089794495,603.275732988078,64.6577971126651,0.8835896642018308,3,0,0.4286933693928232,501.0,744
S0593,AI Model,AWS,E4,72.91893969828685,1371,780,279.92414083935984,31.42197717331165,305.92101739449146,235.35337902299955,63.923264545767296,0.8963387438973134,2,0,0.4281412931800449,98.0,745
S0169,Compute,IBM,E2,62.89042034203899,5082,830,114.5356305168736,32.350869189029616,48.74725027855758,122.48733146537558,60.678365016809614,0.7538183613281737,1,0,0.42791858704969943,357.0,746
S0230,Database,Google Cloud,E3,39.51183432215384,6142,710,220.21063454402235,116.50824139471516,368.1950710783468,547.9469343100182,70.7887156790787,0.9270081668343932,3,0,0.427869632327821,662.0,747
S0118,Network,Azure,E4,47.62321478801363,6532,119,753.9384150147501,205.79835010159243,471.02937107240734,327.8892693239795,95.74289029603798,0.5841154216018416,2,0,0.42726329399306207,843.0,748
S0244,Network,Azure,E3,38.82249960052235,6042,238,779.6809125105617,258.93568639007106,412.2504146703701,355.4647407779778,90.36728106001844,0.7613468870222685,3,0,0.426594757623911,839.0,749
S0719,Storage,Azure,E3,66.99443833199076,2544,77,683.6746678991302,164.06136845652173,414.54567820443737,262.5894669574274,63.40057502597986,0.8565084178668895,2,0,0.42642440838520723,294.0,750
S0781,Storage,IBM,E4,93.42358363811069,7126,679,243.2666226797319,41.83667268724719,135.37754499798427,172.3098427319274,75.24374075476535,0.8015019202149558,3,1,0.4259104323865201,673.0,751
S0769,AI Model,IBM,E2,50.21549619744778,7666,336,334.8784716300717,183.69735050367564,150.06230984507062,404.23268374206896,89.98813713976199,0.9014831505542834,3,0,0.4257820491421565,729.0,752
S0389,Compute,AWS,E1,68.98720928984622,2987,687,554.9670593319111,163.16583894455715,92.90949532185338,103.20219349205016,67.99570181076817,0.7239875960692633,3,0,0.42567198609278906,284.0,753
S0253,Database,Azure,E2,60.76536630069845,4134,326,174.2420141270784,261.2243233335909,295.80533659815734,737.7897060239069,84.23865791395993,0.6328047288332075,1,0,0.4255760573050996,269.0,754
S0574,Network,Google Cloud,E1,74.6880115662086,5449,574,591.8200481046705,117.36265697427548,370.0332875641187,255.31969843132413,85.63768773812922,0.962331344145798,1,0,0.4251813116270188,757.0,755
S0945,Network,Google Cloud,E1,47.42605611960285,3077,478,30.550451802724567,67.89515975979484,317.6532747410297,481.1751889961393,66.94969850807867,0.9857421075211552,2,0,0.4251440265080277,100.0,756
S0342,Database,Google Cloud,E1,74.86223677552718,2079,854,497.1339444885766,76.46586148750639,477.9809616918559,301.83471031443435,78.35061627100862,0.7527929155921989,2,0,0.42436040925531754,347.0,757
S0321,Storage,Azure,E2,53.02425637762617,5772,389,326.827043396768,154.08275066924926,290.12265039137185,483.2945503294621,56.70598113548951,0.9673259763536104,3,0,0.4241414359516151,568.0,758
S0534,AI Model,Azure,E4,23.835153608157555,3154,807,903.7361500848637,262.3933857896619,327.88021804910977,126.08503418760318,88.33526189984075,0.7900192439504612,2,0,0.424044874498732,630.0,759
S0648,AI Model,AWS,E3,82.52374714531891,7488,874,908.9349384812244,279.2466342718919,332.6158017347505,263.97790721848395,84.54267521699067,0.9750345776367032,3,0,0.42389970769212115,993.0,760
S0790,Compute,AWS,E4,66.85878970920518,4182,54,650.3688566371171,135.01801711985777,364.9493144390418,163.89362990965316,96.36032323954154,0.9164910373492188,3,0,0.42347345978809137,457.0,761
S0102,Compute,Google Cloud,E4,34.101855096156214,3674,437,221.56116015462516,200.20263441699728,75.67219821630597,406.34443505243246,62.20320054836256,0.6704415077461785,1,0,0.42283664205374594,145.0,762
S0853,Database,IBM,E2,52.45468520147785,6830,775,676.811112350077,186.03654037997933,176.22629685914484,137.38528513725993,81.88514255209644,0.5704519718439918,2,0,0.4227660301783361,894.0,763
S0893,Storage,Google Cloud,E2,56.9648438335585,6826,766,457.68045431250334,43.88301481952041,365.21628678461343,172.19285741723246,85.39403476182676,0.920708218012675,3,0,0.42198347301778466,837.0,764
S0352,Storage,Azure,E3,46.83486989940813,3047,934,655.381856906836,255.89874735693613,396.5831107281141,449.3166439602504,93.74697028013355,0.68768867694966,1,0,0.42160030919699576,577.0,765
S0330,Storage,AWS,E4,70.09399991027203,1611,288,669.9509140305786,244.85352517816543,186.4488190832355,216.99462503886275,60.23569737975507,0.6134429574014724,1,0,0.4203415757190332,172.0,766
S0309,AI Model,IBM,E2,79.49460128286908,918,636,233.47044660073612,254.94447593900352,230.5314435037215,642.9824692514569,50.97513238052601,0.6384989092273581,3,0,0.4200920330709986,56.0,767
S0261,Storage,Azure,E3,54.67216707504554,7408,231,159.18061213082544,64.43185671079222,28.644097371944547,60.25847277003637,91.34035563905164,0.8219469708866051,3,1,0.419488497946871,510.0,768
S0598,AI Model,Google Cloud,E2,30.694560806143155,2729,825,189.41330543921245,7.180610926066443,304.29724830171943,139.29138294577194,95.59362424225036,0.536273506493326,2,0,0.41905472923423537,170.0,769
S0636,Compute,AWS,E2,82.00305198061156,2085,192,418.2790298631875,172.9428905697646,126.7226233830519,211.74619451916416,97.05677924252235,0.5846659287034708,2,0,0.41753952207803546,53.0,770
S0407,Compute,Google Cloud,E2,51.691132123395846,5107,589,617.8396617106598,247.69736190657588,236.39927799138223,360.4344432472929,51.736997372239074,0.5893314026695515,1,0,0.4172693100616492,696.0,771
S0050,Database,AWS,E4,38.05195338743788,4521,103,281.6407591505616,176.5614403092067,98.99939672062273,310.37903585894594,64.61515232774188,0.8436872088488988,1,0,0.41722908689996707,213.0,772
S0789,Compute,Azure,E1,63.939859134013936,2212,201,91.14607729722556,290.1348809737672,138.9092146628535,658.1841751101804,65.30004867915838,0.7081747493982158,2,0,0.41636424062467897,19.0,773
S0750,Network,Google Cloud,E2,56.572085725040814,6445,987,151.72974423308105,216.14209829118465,411.1106828828229,782.9912397530348,53.97598566482494,0.5113022196796133,2,0,0.4160851363151994,739.0,774
S0374,Network,AWS,E3,44.38280115737742,901,619,772.7427488632499,239.7197680451254,251.70760539589443,119.48538400436972,65.66380055690894,0.5492686335838703,1,0,0.41544501702299125,247.0,775
S0546,AI Model,IBM,E2,25.32557483999416,1783,255,174.41410381017857,167.35362725743155,295.7031653668504,495.5880443326648,92.314366824323,0.505514224249568,3,0,0.41500578331271837,25.0,776
S0947,Storage,IBM,E4,34.687481310070254,3310,212,52.31221000133186,65.1078683257334,272.3525344006192,352.43442102921034,77.60804134855061,0.6526766067738949,3,0,0.4147998999443607,63.0,777
S0742,AI Model,AWS,E4,30.71377154756289,572,235,16.74655092112684,211.36260599657956,451.9356901569555,748.107994474621,70.13558248258501,0.5936752088312135,3,0,0.41254311568535773,28.0,778
S0154,Compute,Azure,E2,52.55145246304065,1934,701,588.9902453719933,223.26100884711903,68.52995314250003,64.72332973488079,83.64275189048456,0.9637517756482878,2,0,0.41210069303151287,202.0,779
S0350,AI Model,IBM,E3,81.62276732828538,2419,256,285.06671157449983,190.51750461151175,247.008503341929,466.6808641426615,97.3421275833758,0.8504089813193396,2,0,0.4120668774261275,81.0,780
S0854,Storage,AWS,E2,54.32747038694705,5609,921,145.9881285089875,70.81046868604759,254.11737258522584,360.3545714051609,75.30415478702554,0.6089522349076925,3,0,0.4118419379134576,537.0,781
S0972,AI Model,AWS,E4,38.141997058466686,717,54,452.72902189427367,176.76004739676296,481.4759793762157,422.76299588608526,92.09653372396266,0.6821931550698925,3,0,0.41135947669637696,95.0,782
S0924,AI Model,IBM,E1,21.76962234841469,3996,743,193.0710944924729,294.0420429373767,218.7999617765179,650.8485922909035,90.5990745342855,0.9529945753246012,1,0,0.4113249723267248,346.0,783
S0904,Database,IBM,E1,77.96911114070863,1679,747,327.51727921535803,34.01175186911287,303.111874969879,126.90221692123826,55.67822704887688,0.5009659571457525,2,0,0.4105495649673945,112.0,784
S0013,AI Model,IBM,E3,33.05820015005632,3937,363,224.78668340524072,167.82122651283763,97.16318877990484,300.7767437243384,79.98522067040501,0.8186962489675674,3,0,0.41011969100560813,159.0,785
S0824,Network,Azure,E3,43.501093818885735,626,677,698.235591547965,188.26182649164932,439.1236440409861,213.82406952516612,99.9449643523086,0.8608242721258679,3,0,0.4098635457010048,255.0,786
S0054,AI Model,Google Cloud,E3,68.43581094914046,2729,108,563.8113714700834,88.2985361175836,428.0328042360159,116.20616189361364,83.45918260995715,0.5978538758193939,2,0,0.40952739344715666,240.0,787
S0174,Database,IBM,E4,21.96475313990486,2980,966,44.58985394192856,244.41374128370668,480.8064143692923,818.3533245330592,80.54537610791982,0.6407548103861878,1,0,0.4085246623478717,319.0,788
S0258,AI Model,Azure,E2,90.92736102502116,821,620,136.21082333884374,255.2135419925844,458.200334565158,798.2929983189664,66.55081297474474,0.8119444715814852,1,0,0.4080697534187206,109.0,789
S0540,Database,AWS,E3,48.78791622837346,7994,761,457.04993073951937,43.7666529423042,426.0314419975124,172.15059958608566,67.89066398513047,0.7698079253009185,1,0,0.40747439143250785,909.0,790
S0232,Compute,IBM,E4,93.5972817872935,3310,611,704.3694527040932,142.54471805071145,335.3761862245456,86.0771691911262,61.48511576810672,0.5206871912336299,2,0,0.40516092921242347,491.0,791
S0591,Compute,Google Cloud,E3,47.83793175782207,3474,107,202.8257627103536,79.92550224599478,221.18405760202336,209.80053781186453,65.48640918637659,0.5673578654348629,1,0,0.4041096946054189,82.0,792
S0977,AI Model,IBM,E2,80.52241181629952,3133,497,127.04018795173528,106.70708123546288,468.22770046454434,551.8152773407991,88.99802302701966,0.9582110945837669,2,0,0.40364892411068054,211.0,793
S0834,Compute,Google Cloud,E2,49.07366040917353,7413,927,263.0827028574079,269.0475849527443,403.4882087760612,751.433713265135,51.22401329066,0.554699962730167,3,0,0.4032788761787219,854.0,794
S0392,AI Model,Google Cloud,E3,77.4548582401477,8055,345,583.9338544728502,281.96870766697054,54.79887174223752,210.66861951196915,69.5376492283502,0.7671927821176316,3,0,0.40323894686203066,825.0,795
S0928,Database,AWS,E3,54.34968192526786,4520,258,369.6400684349105,175.98103458673882,206.0145216332828,328.9507721718805,72.61372561445694,0.5477719372823832,2,0,0.40319909389271247,336.0,796
S0960,Compute,AWS,E1,41.78783792535653,3116,294,24.237423624311443,219.6057380089665,272.38058154975573,643.1540630274297,87.97143524782433,0.5110783147081217,3,0,0.40318114882326916,89.0,797
S0096,Network,AWS,E2,50.11207368959662,4881,917,311.5563322164486,23.43954774557119,373.5910014210825,138.45179868297058,84.6648734275746,0.8809436394453762,2,0,0.4031551376143706,552.0,798
S0617,Database,Azure,E4,56.41922747445484,2858,335,309.80159008895475,297.9183224059576,278.0608655500366,603.4404637540706,95.3907928888702,0.6578978222541256,2,0,0.4030960213166214,173.0,799
S0493,Database,AWS,E2,56.15307935840619,6821,276,471.4551297319041,225.86605113955076,499.6747771919171,578.8479500476659,71.81507119165087,0.7033127587749919,3,0,0.40305895742199965,818.0,800
S0070,Database,Google Cloud,E2,90.30410498728392,1708,227,199.22076756440788,68.89085976003605,486.693637743411,413.1254540137669,55.29001797120699,0.7962203776992297,2,0,0.4001935543440131,69.0,801
S0481,Compute,IBM,E3,75.76954371324199,3787,131,464.73812639253737,107.42168943085252,383.59781575015904,235.30198612454515,66.76691191741051,0.7951155987031794,2,0,0.40009171577915303,310.0,802
S0090,Network,Azure,E3,54.616810581484245,4208,205,168.02865241784556,105.06998802557622,141.73988732304412,189.66420715478964,99.59464286598208,0.9126889889344858,1,0,0.3997508394808645,150.0,803
S0418,Storage,AWS,E1,92.21077678055195,3461,387,530.0058345937674,64.4148612179389,481.1902516323088,118.14515092416296,82.46143897704818,0.905258243293186,1,0,0.39899603022132135,412.0,804
S0280,Network,AWS,E2,85.29338187845052,3344,483,687.7799323223167,210.0009220355447,352.69852308381,237.57637623657516,80.78630267225864,0.737539490025122,3,0,0.39852196770304343,481.0,805
S0135,Network,IBM,E4,63.498784057109845,6754,553,338.6783112953875,96.2767744867811,452.563438454165,381.323185026284,95.66498558000168,0.8399054458006652,2,0,0.39793981263692046,776.0,806
S0167,Database,Google Cloud,E2,82.9851714226713,4077,449,149.69651808113758,210.37677283882152,459.59699835220897,715.43212215314,72.72111595797705,0.5506325904937048,3,0,0.3969361372094452,354.0,807
S0524,Network,Azure,E1,50.826580644915936,8005,240,35.55129893454992,226.42654473951728,95.09910210762652,526.7482304278565,66.19896373550498,0.5891308907443867,3,0,0.3966390185118198,582.0,808
S0627,Database,IBM,E1,76.71602104626326,1696,220,232.356415674136,273.3743875802418,485.5148889532077,730.6303324808505,65.82508896313102,0.8764908086480584,1,0,0.3956376350971723,111.0,809
S0356,Network,Azure,E2,33.032119485180786,1805,429,76.02694259139436,85.82669055519034,129.3288860607728,117.6954160158165,94.90619173564394,0.5018838472752665,2,0,0.3950311037059265,4.0,810
S0121,Storage,AWS,E2,86.46468353488059,6032,657,202.5031679873717,131.48546587883163,194.73377885978485,385.8963674506613,50.91858272690522,0.8436862328789033,1,0,0.39449621752156894,554.0,811
S0272,Compute,Azure,E3,39.39656261660291,4861,455,261.0991999588979,69.99413409348043,298.18177207924884,213.73175343771516,51.61616326630452,0.9695546103663444,2,0,0.39441535494966057,390.0,812
S0560,Database,Google Cloud,E2,29.04188123027677,7816,751,656.4431926888599,225.45277948015777,389.714951429918,333.9200293475243,65.90937397281944,0.8850656459644597,3,0,0.39438372181157405,973.0,813
S0065,Storage,Azure,E3,78.23355848747934,3448,256,388.4297294576838,177.02270791859644,160.15674490961908,213.56025412501663,98.59754226299027,0.9195961714357692,2,0,0.3942130884494799,179.0,814
S0545,Compute,Azure,E4,76.33835358563135,7546,55,683.7525801613104,181.88119171299596,400.1799846419725,193.01735865911348,92.49937965845052,0.9207578620310616,3,0,0.3941669723136087,844.0,815
S0465,Storage,Azure,E3,78.04097417976172,713,985,20.388704728545,247.9754504521618,186.39628520173835,627.3111083227276,67.05471582937008,0.7494364105769404,2,0,0.39382872980529693,85.0,816
S0553,Storage,AWS,E3,64.52455934064038,795,125,293.0415284334904,56.04204157659348,376.5717772648697,135.0441869570002,76.16462314444975,0.5434314539930913,1,0,0.39348256295566214,14.0,817
S0844,Compute,IBM,E3,72.69053761511051,648,924,479.26620328896064,272.3105731576064,22.181162798739138,144.98598510958783,67.49251180454274,0.5998427130840895,2,0,0.3928710639016604,132.0,818
S0943,Network,Azure,E4,92.20762626899044,4231,545,290.7718441829649,221.63326042391225,58.3557616023611,305.89171563036086,88.21620001033519,0.6184629603657237,2,0,0.39271337216095686,280.0,819
S0659,Compute,AWS,E3,63.5350700745272,3068,314,134.12159574153455,94.03101647904076,318.9724551455057,370.83318733410624,70.69838492420271,0.6214842292272853,1,0,0.39265370221727064,91.0,820
S0702,Network,IBM,E1,84.91828592184142,2647,276,28.75594934061103,258.1710033382238,148.77735106673703,594.9464650457625,62.84958676554738,0.8931464462981389,3,0,0.3918089117879162,36.0,821
S0412,Storage,IBM,E4,84.37562575993407,3709,85,420.81083171888366,196.99580036063804,450.7612548971918,473.3568607810538,90.78327704073168,0.6590816352113271,3,0,0.3900749507450464,338.0,822
S0864,Storage,AWS,E4,69.30151116275965,4700,252,382.65081289548704,156.86134930527464,444.55204238748746,437.0131651631834,84.13636488976559,0.5663219372269828,3,0,0.3899927334742276,474.0,823
S0081,AI Model,IBM,E2,64.27607678440796,1112,855,139.19625147601238,93.27344126881286,424.3646248959665,413.5927317518827,99.91112253045252,0.8432932510572164,1,0,0.3896376154820761,116.0,824
S0623,Database,Azure,E1,22.32168431895077,5553,287,251.36391833307772,45.43057683430586,366.5058873617783,140.338965325193,69.59705948942187,0.8443837579795758,1,0,0.3896140427847563,449.0,825
S0486,Network,Google Cloud,E3,47.1389819903854,6753,893,446.7390467083261,173.2035813676347,321.35968114445626,382.3131867860004,51.33383813044362,0.7360583721166205,3,0,0.3895137881881454,855.0,826
S0086,Compute,Google Cloud,E2,85.49921868956058,1491,271,693.5016646919612,250.716530734005,189.3954277850881,54.4768042461291,60.47673119750628,0.6571925205337292,1,0,0.3893952218475766,171.0,827
S0552,Storage,AWS,E1,47.143999312839874,6636,748,100.22923305023076,52.38691572247245,156.63172543747862,117.62122450218192,50.07923222331701,0.7983152661785706,1,0,0.38723170635981796,532.0,828
S0835,AI Model,Google Cloud,E2,67.45339090614507,7806,997,532.2880125094257,174.30909515627977,213.47810441068205,184.4451423274621,89.53514518730569,0.8299104213466973,2,0,0.38651452180248913,924.0,829
S0287,Database,IBM,E3,54.79485326092496,3476,92,466.06313153515424,241.60128973344624,67.82295304349368,94.08274171436938,77.5570668097367,0.5851345685642971,2,0,0.38640606493470975,168.0,830
S0829,Storage,AWS,E3,48.29885404723946,4123,933,586.802359579962,292.94537713887365,206.4322462126761,308.6713776727275,70.82961138920993,0.7311778004673313,2,0,0.38562813553197156,611.0,831
S0815,Storage,Azure,E2,82.95038692670018,6890,295,311.1994451889238,93.48185449042876,437.9223278962869,356.1473741285104,75.6219884371942,0.8428536146430379,2,0,0.3849851383187641,702.0,832
S0729,Network,Google Cloud,E4,80.33279057596287,1314,348,335.27256838694046,258.20747737537283,176.44938305499767,413.79051317703625,56.89474712072883,0.534251396285947,1,0,0.38496925643220337,33.0,833
S0128,Database,AWS,E2,46.66197578310181,6211,739,96.71538443188692,222.7596398083689,136.31145921995574,498.9470603916628,74.14050466641851,0.6867598321158705,1,0,0.38477029156214815,527.0,834
S0581,Database,AWS,E1,42.97351240836595,8186,549,845.3174935474207,207.7210489582596,477.6671623573262,55.17152373210604,86.38531850304835,0.5823136232827075,2,0,0.3844836384612144,977.0,835
S0079,Database,Azure,E3,74.9601158574688,2688,433,917.7726277189068,275.5800745883345,498.03688805934286,96.88208551255022,55.65679688370118,0.8984738777876125,3,0,0.38443026474531816,544.0,836
S0838,Storage,Google Cloud,E2,32.5214816560399,4494,838,467.9676116341016,150.55497662195157,246.32274875814292,170.5017305479673,50.29620327270012,0.6034580936730585,1,0,0.3841910288195748,530.0,837
S0639,Database,Azure,E2,92.08516140556948,5795,763,139.19951404106538,157.89251760316978,446.74382844716325,623.4064982752953,66.65435656692385,0.7919449116860242,3,0,0.3828984842234715,625.0,838
S0785,AI Model,Google Cloud,E2,29.219050884904068,3285,409,785.3833001101119,299.50403318843223,304.9708629574817,93.94882147299997,70.90653414854656,0.8339622367980424,1,0,0.3822551462524495,478.0,839
S0255,Compute,IBM,E2,54.372548114649234,3063,694,369.1260643951605,157.4051395970112,167.55117433078698,149.8426727029564,89.3241517147953,0.901382835731019,3,0,0.38207933219723317,215.0,840
S0708,Network,IBM,E1,91.703535770895,5581,164,66.54599173673883,197.99503629855883,103.067055452876,422.9583628430557,64.637077429158,0.8549525228898041,2,0,0.380837556504035,305.0,841
S0760,Storage,AWS,E2,91.6336405468776,4921,949,490.7903966809344,108.81928236587414,299.18367908837456,98.06701099275264,87.95140240256015,0.6452394796116273,3,0,0.3803802325253216,677.0,842
S0597,AI Model,Azure,E2,52.289700384665565,1576,377,77.29356682120967,218.11135841674565,254.59321829870424,522.3788054866113,95.90052550471752,0.6774975205191768,1,0,0.3798788819449059,17.0,843
S1000,Network,Azure,E3,64.51707015340895,5679,661,455.77965899321055,208.4884179572955,370.38441028329134,437.488479687134,71.00361476260821,0.741655724348647,1,0,0.3793895018217163,755.0,844
S0658,Storage,AWS,E1,46.04577792728807,7752,769,368.0306238926341,188.2263658485099,428.79077027828913,513.8941606845528,57.425871212855874,0.6093701615520466,2,0,0.3793623383638298,898.0,845
S0500,Compute,IBM,E2,20.574802448691894,5276,236,24.187596808331243,21.43351665399733,477.9612306097176,217.2785013801304,94.60764584349803,0.7929488016763784,1,0,0.37864047124645483,344.0,846
S0476,AI Model,AWS,E1,48.838349573360944,6099,442,614.2737203651444,261.55599038638053,140.95675572206025,103.43435959941384,56.335636761711946,0.7650577825176577,3,0,0.37828339278151946,720.0,847
S0976,Database,Azure,E3,40.6027861285919,7606,620,666.7289086745345,258.38504305079465,168.36518243011494,83.9779308641885,50.41326489729292,0.8018160499465332,1,0,0.3780345966546196,899.0,848
S0655,AI Model,AWS,E4,40.26857690980874,1005,788,70.29291376849838,139.2473124785134,438.31346783265695,519.1567359226952,72.60442551694862,0.5709666053796993,2,0,0.37751108262096245,94.0,849
S0454,AI Model,IBM,E3,28.619974779467512,7708,155,203.2451929261637,148.78485941473824,445.4346357798935,469.756582753846,99.29613294850088,0.6737999072293255,1,0,0.37745750629084585,694.0,850
S0865,Network,Google Cloud,E1,55.421135312223626,4527,622,575.0538661494827,156.41184884828047,445.53899821277554,218.53899661512324,85.03793337198579,0.7593193453330063,1,0,0.3762819946004475,653.0,851
S0228,Storage,Google Cloud,E2,23.919340946451783,3621,950,258.5693026285161,80.32923831752593,253.78304916847244,81.30047483325347,72.39718201038517,0.8668109146439734,2,0,0.3760441015229636,314.0,852
S0034,Compute,Google Cloud,E2,41.96165275257236,7248,948,321.67757105813234,256.828091937628,301.12683182400013,535.1488352248233,91.27654116733748,0.6977400140158284,1,0,0.3756752426735028,851.0,853
S0104,Storage,IBM,E2,78.7843838364048,6979,840,19.59001391355806,38.28874021916832,423.6510889538,353.091733379167,79.32297561873989,0.5960168261807481,1,0,0.3745719159895103,654.0,854
S0208,Network,AWS,E1,38.71596498871296,7221,432,516.5221966938238,251.7426009910577,455.0901330190747,477.5493340261975,57.65674003022019,0.5890101621461352,3,0,0.3743868358209344,879.0,855
S0728,Storage,Google Cloud,E2,46.90366440627601,6227,226,160.36731061326395,248.385419147126,224.44668830222503,514.7684051943822,90.23208486673386,0.7105679281212498,1,0,0.37316247317426654,490.0,856
S0673,AI Model,Azure,E4,55.665952811512,3329,91,172.9743081041398,92.47858893797728,430.6010092926326,308.62851538074244,98.43193326501378,0.8647130469913575,2,0,0.37280857486561464,141.0,857
S0775,Storage,Azure,E1,50.38270208956748,3189,560,73.04791982749157,219.59845542940556,279.16991894114733,550.9536956198667,94.7298936675486,0.8441869396929613,3,0,0.37280436169382875,148.0,858
S0433,Database,AWS,E3,42.29283557814629,530,502,302.5132453804917,288.61728942497354,158.4431322661411,373.96916364323215,72.35802522653319,0.8976082932651914,1,0,0.3720103663303946,21.0,859
S0361,Database,Google Cloud,E2,30.647899232074543,7383,994,279.06865091932787,91.04956796286788,287.2135927747417,146.1056209416641,98.93270406689824,0.6234816120809105,1,0,0.3702655487520371,797.0,860
S0312,Network,AWS,E2,87.96074410743248,1020,860,146.63533214985122,105.85040179545454,328.27604971579365,312.1318830525598,99.3348398040212,0.5660334053845204,1,0,0.3695846696409387,93.0,861
S0114,Network,IBM,E2,31.16660377493335,4922,818,16.19489631620553,93.40226173323978,116.38058244024629,121.84884564282198,54.21939739474935,0.8392096258568562,1,0,0.3691503971078741,297.0,862
S0223,Network,IBM,E4,21.63675475816171,853,744,469.4260225104596,235.98506824742455,156.261618056732,58.54872441909298,97.5721319443666,0.8527447742893173,3,0,0.3691375351595798,108.0,863
S0758,Storage,IBM,E3,91.0766019473353,1712,769,91.58191214332872,45.48200825197696,269.90786796034894,87.12475170185743,69.72423156737527,0.925133697167962,3,0,0.36628564777956574,57.0,864
S0295,Database,Azure,E4,78.17088881939955,4387,692,23.49768366676325,145.51509390103678,94.96407244099848,277.2959196138907,59.83793888358278,0.8171646786286897,1,0,0.36628137721792275,219.0,865
S0370,AI Model,AWS,E1,93.4328703511366,2752,147,83.89204676863451,175.2787415376403,478.39255447020935,569.0709438511493,98.77252620674756,0.7604143652703708,2,0,0.3662220857627325,125.0,866
S0348,Compute,Google Cloud,E1,43.57625848878113,5458,874,289.4398457088035,124.51882333512997,385.9667969826588,328.68119533658506,88.55191851224274,0.7021822149905739,1,0,0.3656474183035337,649.0,867
S0414,Database,Google Cloud,E1,88.30776212329364,2436,843,144.00188062355122,56.82326948699366,338.7237946309339,169.84544147342595,90.7743882790068,0.8387333844672309,1,0,0.36538578080221057,161.0,868
S0575,AI Model,IBM,E2,68.92187364439548,881,606,121.24083712949576,151.332604174892,133.55053836108237,224.2350811792527,52.312909463064194,0.6771230015946221,2,0,0.3653704104235314,5.0,869
S0197,Network,AWS,E2,65.76688621082309,790,564,108.5510476806874,118.7383014983876,296.35400157883413,309.15419806485346,82.62423642030788,0.9985851257128622,3,0,0.3653339303218468,16.0,870
S0362,Database,IBM,E2,46.095605868662496,3898,834,405.17512656590935,277.67132228050457,17.502187447183662,60.765963544263165,86.33022186659345,0.8949428689759213,2,0,0.36462226580863966,364.0,871
S0511,Network,AWS,E3,26.53195750968286,2926,237,22.217635599770265,256.29454812247195,256.72162053601835,538.9360478492362,93.14855136660722,0.6226523585295406,3,0,0.36447494578771167,59.0,872
S0529,AI Model,IBM,E4,81.7842788165971,3067,783,265.52288986886373,156.2945494162124,259.0941889066502,318.7416142970469,83.54133403879678,0.9395551119464824,1,0,0.36438715770628854,236.0,873
S0547,AI Model,Azure,E1,26.01350105614276,2325,593,68.51476266689798,156.61685677375883,480.5068554675841,529.2035087602651,67.81833188775283,0.656064138439053,2,0,0.36408343894840733,135.0,874
S0514,Database,IBM,E1,45.89173571012691,3361,656,251.71999262899143,269.2392748769588,311.57119598835897,543.2048875958135,73.80293847509984,0.8163480207017565,1,0,0.36403978303779794,264.0,875
S0856,Database,Google Cloud,E3,47.65303781485965,2460,241,55.60243304515766,206.7726633249667,116.95386740293196,315.49596916816614,91.64658241964574,0.710877490142098,2,0,0.3636613630439622,8.0,876
S0145,Database,AWS,E3,24.39131969329844,6982,313,303.4280868065306,168.87169765004126,431.3709499498705,422.3981416946911,67.26719889631651,0.6253991675559814,2,0,0.3633114629710841,715.0,877
S0849,Compute,AWS,E3,23.613950929497214,530,140,416.6021529377496,264.2302244846943,401.2572790359084,373.2054265325679,95.29868317546304,0.9829193875291652,3,0,0.3620230599048913,62.0,878
S0770,Compute,Azure,E2,42.14678705359575,2668,521,63.23458854536354,191.4046469778311,44.84424702458403,188.28913434157397,67.27305757341344,0.7135662655241957,2,0,0.36066576914489973,27.0,879
S0624,Database,Azure,E4,49.09900699601521,3522,143,659.3442799674156,259.3523698799718,318.6374760897577,101.5011569956934,74.50021253821717,0.835497730565158,1,0,0.35932366812338845,396.0,880
S0660,Network,Google Cloud,E3,30.439752600927164,4997,849,261.0766431511112,270.4242081306172,376.1457076393796,571.8050686810205,74.16960333410631,0.8211544778955091,2,0,0.35830372170818625,592.0,881
S0646,Storage,Google Cloud,E3,60.6278609307503,2505,975,325.85462358891743,137.53410674736284,422.1425813800464,312.4269945419864,96.34942374088976,0.9902071801164034,2,0,0.35813241828875914,323.0,882
S0196,Network,IBM,E1,31.91811257520152,7283,404,137.88270079067928,233.4537509088595,269.3410495903592,494.3612416059304,95.58193448676518,0.9198823620193016,2,0,0.3569758471165144,648.0,883
S0735,Compute,Azure,E3,70.76159741430467,4027,337,728.8501467511906,279.7863028160208,350.608709813426,95.44687188168686,86.84025533604995,0.6123303500525357,2,0,0.3569677690824478,561.0,884
S0890,Database,AWS,E3,21.44957231882008,2288,893,281.76160677200744,142.7702706239138,222.60514375788492,94.11197270867169,88.03306710118032,0.8351598169907715,1,0,0.356718473100704,166.0,885
S0323,Storage,IBM,E1,26.259806374203748,4869,488,325.12105374542386,192.1941579837498,364.2979914755616,358.4700675453508,93.4148509080664,0.5238998548288747,3,0,0.35448170364434023,482.0,886
S0707,AI Model,Google Cloud,E2,63.01467135916799,3586,198,326.54576345361795,182.85340036860345,341.4713503112814,328.03787347145294,89.60222955244805,0.8306166916309329,3,0,0.3543931495164774,217.0,887
S0122,Database,AWS,E4,64.47832506400881,7957,724,102.26415836706776,20.86567943232648,482.8150147358947,175.845506316962,63.52608900859233,0.6862637264013974,3,0,0.3543121373974813,740.0,888
S0204,Compute,Azure,E4,41.16403060199001,1336,586,655.5721312628341,268.55439508095617,298.0721391984591,64.41548909410062,56.13140249890033,0.972114789682128,2,0,0.35315413749712193,218.0,889
S0004,AI Model,IBM,E4,20.90813564261656,2513,250,326.4555347391419,210.4856136324936,267.3254081146979,264.84401981201245,64.49403397669298,0.6193829470019867,2,0,0.351635986265005,79.0,890
S0018,AI Model,Google Cloud,E4,21.570872077318462,3407,260,164.72087245427846,171.49663720000194,302.8398955357612,320.667589924814,93.56323426350788,0.7800859477836792,3,0,0.35086235141286687,117.0,891
S0115,Compute,Google Cloud,E1,42.92031616176612,4298,726,71.2668446636705,288.8201207286831,275.59326413652605,598.2108429644176,62.96076668859932,0.8038545559159636,1,0,0.3506762951377637,332.0,892
S0929,Compute,AWS,E3,49.85039697158771,5036,71,444.2610252435943,274.21848293051755,391.38622224310376,429.6185860398245,50.80541092746685,0.829433333461011,2,0,0.35041144886804415,494.0,893
S0938,Compute,AWS,E2,91.83423507411528,2994,651,321.4826198458468,232.15626239446945,137.29926392386858,243.2423520883993,66.17438808215731,0.8560146785272257,3,0,0.34798764103334595,188.0,894
S0602,Database,AWS,E1,21.90858199293132,4263,748,465.04815141188,262.11783544440993,345.7487123472344,354.4625527727699,60.18880170955319,0.9950878968153593,3,0,0.3479808113928075,547.0,895
S0891,Storage,AWS,E1,29.327629925038263,4157,984,628.4173345408797,207.2672660332338,376.3225927687268,63.04652867844937,74.03617282344865,0.8212132865042887,3,0,0.3471270347226778,672.0,896
S0087,Compute,Azure,E3,67.7218515484436,2963,110,347.1393871250979,295.80163362779365,60.78199597558984,118.76992835109483,57.25527866982252,0.9050627138594284,3,0,0.34616418101128527,74.0,897
S0679,AI Model,AWS,E1,60.0039971574022,1253,912,593.7569602000322,177.58537477200525,435.3036545810442,84.79821271887843,58.83215149352348,0.8020578124904747,2,0,0.34595412961266137,300.0,898
S0613,AI Model,AWS,E3,94.1026974616694,3296,807,439.7116543201472,195.1230931485752,365.8887151807208,326.8443817422462,54.77872238313006,0.658422471825165,2,0,0.34470211787663535,426.0,899
S0690,Network,Google Cloud,E1,93.57405336220138,3071,439,393.5767829633133,188.3480235900443,339.26830758425507,276.5058200058095,90.1282267174312,0.7081960850709601,1,0,0.3436361968164245,243.0,900
S0119,Compute,AWS,E2,53.64579732159069,2425,942,140.64566642772212,201.68580130798895,99.61759600364763,209.0969660225404,67.60082912509391,0.8469226931361331,1,0,0.3433392943402019,128.0,901
S0016,Storage,AWS,E1,77.32794966663019,6442,404,38.863634161868106,290.4841333259461,43.96080878876447,369.4926896930623,66.43871437462954,0.5492173545224949,2,0,0.3427122702931321,440.0,902
S0231,Storage,IBM,E1,74.81157237355472,5027,829,130.78733944112014,294.4485598441834,47.54497697617933,318.8506036576238,92.51884596498527,0.9012299076686852,3,0,0.3426406839331019,414.0,903
S0003,Network,IBM,E1,25.344254582394395,1397,185,56.31798652205084,248.65257113801587,223.2934348519407,401.7784131192519,70.46945655917092,0.7271139119034347,3,0,0.3411575832320298,2.0,904
S0953,Database,Azure,E1,80.83428274501031,6771,704,147.6121831470869,214.1444588015144,98.03191326005454,277.2620529825651,83.33066932971425,0.6297761243324941,1,0,0.340974387873101,598.0,905
S0143,Database,AWS,E4,57.36917616975902,7982,963,224.0880229046636,101.11825228573736,411.4247639301859,274.52560616179915,86.77182969460932,0.5236622650682107,3,0,0.3405162704415302,835.0,906
S0368,Network,Google Cloud,E1,83.108566481357,5799,543,144.3314346143565,286.413837685664,33.14018948242986,292.4231173355191,58.4130222169002,0.7257038352167845,3,0,0.3401034006991562,432.0,907
S0011,Database,Azure,E2,69.60279583028108,4154,856,542.4051053939627,248.31804965405004,491.3054698589413,341.07885844386,99.2220976791684,0.7260218882899008,2,0,0.33805994075354084,680.0,908
S0521,Database,Azure,E2,40.604864413963966,5088,721,202.22124035562143,104.70455738860166,474.4070951957526,288.4378460002672,75.0115739462901,0.9613115745645536,1,0,0.3377088449524666,513.0,909
S0296,AI Model,IBM,E2,92.33574904256088,1616,205,329.49930699937204,202.5775631093831,365.1456177296092,316.5014307626309,94.78264597915884,0.9091576058271358,1,0,0.3369780468695423,67.0,910
S0452,Database,Google Cloud,E1,82.35301357892823,5367,874,366.1961526098465,273.11529486410603,304.53467202418835,432.27388657370864,89.68162071277905,0.6986210657334175,1,0,0.335779917533184,693.0,911
S0495,AI Model,Azure,E2,65.80850533068262,665,67,24.42148320376611,260.8173195631489,14.956071513809547,62.84140811473405,91.70693302617926,0.6142044807837193,3,0,0.3355844085009179,1.0,912
S0622,Storage,Google Cloud,E4,22.924700943118367,572,782,356.3558403390459,136.03426463684377,377.310999350009,57.60773364009371,57.78239963807954,0.6868173260463621,2,0,0.3353742466918269,104.0,913
S0077,Compute,Google Cloud,E1,57.938951971387176,7201,785,425.6502107094544,249.6686192920005,118.14254664481422,100.78577697457726,51.86764682177775,0.6030242801064449,1,0,0.33423763927764594,787.0,914
S0628,Storage,Google Cloud,E4,54.389225666141805,4938,655,78.46203204131622,256.2781499048598,65.06910682284766,287.14346919005425,51.779107289673135,0.5531840831926218,2,0,0.3331596628334663,304.0,915
S0130,AI Model,Google Cloud,E1,26.97429798673491,7935,951,201.31692108182648,281.9208174353403,17.042746371111043,88.26724139728131,91.9485548337034,0.9178607983239356,2,0,0.33160341027883733,721.0,916
S0925,Network,Google Cloud,E3,87.39204535061295,4946,475,433.8736212998186,261.2230850818221,280.6375337133962,323.8810143265435,65.97607259037379,0.5206251617358653,2,0,0.3313246112064332,543.0,917
S0219,Compute,Azure,E1,59.931551170641285,4819,904,11.332808246998065,57.981935524828295,347.8957021112826,105.36153648254574,77.75798648950774,0.859223640651208,2,0,0.33111481297114176,402.0,918
S0520,Network,AWS,E3,29.861683992348624,4680,894,277.9137947466607,240.01023635946572,294.91243448502587,394.6287764806021,63.86733808623146,0.8269656800085601,1,0,0.33075140143520887,509.0,919
S0193,Database,Google Cloud,E2,52.76380269613847,7126,817,33.29716946995778,219.76361604987824,242.52673157769252,475.1914529825735,71.95207444105739,0.9637806744095212,3,0,0.3305258829224744,645.0,920
S0398,Network,AWS,E4,62.033047323533,3078,159,70.49362094343597,299.05870830092715,200.42916334748037,425.197926720389,99.80443636322562,0.90359598520108,2,0,0.3296521697444762,61.0,921
S0487,Compute,Google Cloud,E1,55.43700162548852,8024,477,207.4174817809497,185.0078226508212,404.8243199637323,453.58710651805546,50.62127968969661,0.6914546640898929,1,0,0.3281406621649493,775.0,922
S0278,Network,Azure,E3,85.83725586140307,3285,479,447.9428677713946,162.1839760334113,314.07285504149473,54.82487232694085,56.67715447527756,0.7933657636948759,3,0,0.32789909657282823,262.0,923
S0214,Storage,Google Cloud,E3,56.56783952550382,7046,988,160.25765575259103,188.9381625763756,62.07029334827397,62.73898117851696,56.49494022684054,0.6331167472589008,3,0,0.3277284564426902,638.0,924
S0467,Storage,Azure,E3,86.93924674661346,2881,448,157.64941768034006,178.34996105145706,218.8858815276787,247.45153534866657,85.58410296775429,0.7311808920738667,3,0,0.32717827318380904,84.0,925
S0713,Storage,AWS,E2,83.52266406552954,2149,920,217.36121181441595,107.59580889942173,376.2813555854136,139.3568292171593,97.63210654004308,0.6556877210816605,1,0,0.3263814723035793,200.0,926
S0741,Storage,Azure,E2,75.53570989651394,788,132,404.2977435981639,226.11594144522013,386.86279431857656,269.74847314917884,68.34029425700028,0.527518854446358,3,0,0.32629778075552357,50.0,927
S0292,Compute,AWS,E3,69.25850785432206,5822,581,295.3690613956948,85.10738427735826,496.8533046814172,123.28715538175796,68.29597177067878,0.917067619205192,2,0,0.3256673958275444,631.0,928
S0489,Database,AWS,E3,30.501807316498827,719,260,508.5115116967673,237.5192743106783,435.4195071316997,166.7757859990241,52.25444280026949,0.802102739931652,1,0,0.32552062593062586,106.0,929
S0496,Compute,AWS,E4,41.05124116369807,6570,961,254.9257495877623,286.9737284166733,82.91627011390625,204.06219078032865,74.48520159289275,0.911105577653852,3,0,0.32515398215360247,674.0,930
S0512,Database,Azure,E2,66.2799887088351,6045,907,151.53126882474464,246.0713599643591,39.45319247841395,150.41557368533566,72.44158465903243,0.8076141014001017,2,0,0.3247238130686397,517.0,931
S0012,Network,AWS,E1,33.8896675900601,6780,529,285.3185199156929,208.19909855904615,197.62247687825044,194.6757347142725,64.88770768361222,0.845923439972984,2,0,0.32424806788888777,652.0,932
S0200,Database,Azure,E1,69.27163672003547,5470,902,261.0482758264056,226.23633613171032,404.6784786898875,482.368019481131,59.159912256331744,0.9708165907426014,1,0,0.3208472447255656,669.0,933
S0680,AI Model,AWS,E3,85.24768697357638,2553,322,76.70310280670647,149.12002759987584,254.84478283862305,235.95872807075708,64.26806929989273,0.835351537072947,1,0,0.3207246180024241,32.0,934
S0950,Compute,AWS,E2,78.59913918104789,2851,288,180.15774701456505,122.83252231410204,479.3769171006677,285.2362328159826,60.93971757883613,0.6282437616035772,3,0,0.3200878443057302,140.0,935
S0767,Storage,Azure,E2,23.766950859798037,648,233,106.5326155392365,217.61390804787027,385.9136520400398,379.9232828450409,81.82143718764246,0.6935336566956466,2,0,0.3195198043414221,9.0,936
S0704,Database,IBM,E4,50.568815643036274,3790,188,216.3155778821483,133.84355626488713,300.88780670260684,77.14237183780992,70.9693915759843,0.9193486201475252,2,0,0.31870427707059007,147.0,937
S0676,AI Model,IBM,E3,92.30216353741352,4970,188,390.88525074237054,299.7196019405753,169.79196775300878,191.20155479899077,70.33029265230478,0.6136899770971729,1,0,0.31809840706682413,410.0,938
S0449,Compute,AWS,E3,84.17720703781545,639,296,321.86026865296424,296.0728454270221,256.917382436494,293.84656206775026,88.21278370120706,0.8828024091288962,1,0,0.31803615130309415,26.0,939
S0019,Compute,AWS,E4,26.16287506073205,7105,753,227.88779010267268,280.22220453082707,372.0759231212414,504.3694841354909,50.77237138665389,0.5769129622537055,1,0,0.31750825887403167,771.0,940
S0869,Storage,IBM,E4,65.5814091689542,6064,286,558.2852062273884,221.4246379075123,395.4259007074382,102.0476955273714,81.16951935135238,0.6684095554837284,3,0,0.3166272962259174,731.0,941
S0410,Database,IBM,E2,88.8557414149363,624,686,402.9784932049499,153.31130652483563,433.14283346917176,96.1345871308786,80.24008809219819,0.7832820016150702,2,0,0.31659943773173427,129.0,942
S0113,AI Model,Google Cloud,E4,44.51987122535593,5897,441,570.5528655950905,242.6526545372203,408.7180326710809,156.76674685614768,61.700264358018494,0.7747447867559102,2,0,0.3164508483033829,760.0,943
S0477,Database,Azure,E4,56.575030146594834,5032,89,33.86909147458016,144.30679559808027,216.54047943004235,126.67303148428668,78.31480718620438,0.5688814646992598,3,0,0.315902170039371,210.0,944
S0922,AI Model,IBM,E4,93.06458328622678,5830,240,145.65070093595745,269.9532012219297,298.1904162975031,465.4801938109651,88.5794432233907,0.7051345691658584,3,0,0.3123342191487521,466.0,945
S0025,Compute,Google Cloud,E2,35.42654466466664,519,314,269.71953711313625,144.03594099936575,456.7466456874,121.36676464678376,54.69109361977216,0.9691808001480088,3,0,0.31061878999435566,34.0,946
S0821,Compute,Azure,E2,47.01754391003209,2185,198,356.298101189516,237.73347206491945,438.4928006089848,327.00872175309945,57.42008482431077,0.7935895640678483,3,0,0.310337563436277,126.0,947
S0100,Compute,Azure,E1,74.9803472022256,2515,486,45.57088036411327,187.66527360118567,450.5217514982471,442.9623364913139,93.99647818191868,0.7809906708131896,3,0,0.3098145402526433,120.0,948
S0983,Database,AWS,E3,53.41562290564182,8158,575,217.7986532903684,273.51391321516013,296.9460422413585,440.59148572313177,67.615117718838,0.9982252525500446,2,0,0.3059907108665625,795.0,949
S0043,Database,AWS,E2,89.60627302445373,4744,623,244.7730213179341,255.43254149544148,468.0975928117092,507.5096832083945,70.39813011028632,0.6625288216959077,3,0,0.3058963665131383,514.0,950
S0035,Network,AWS,E2,93.4977747019138,4794,838,52.621878688511885,218.9596898845938,362.45729842230566,503.1958139203869,63.76180529655612,0.587325032727684,2,0,0.30551927642427534,439.0,951
S0181,Compute,AWS,E4,39.44725691493304,6590,852,358.286956346249,176.89241323360193,403.1020978252059,195.9999290168845,90.59448217841584,0.8512087640751823,2,0,0.30204827070180257,800.0,952
S0730,Compute,Azure,E2,40.90699043109147,5571,725,63.9213868931692,141.7685119313177,362.3195271498167,260.9780787985403,88.79884249076211,0.7553696647531085,3,0,0.30067742606010656,476.0,953
S0571,Storage,Google Cloud,E2,29.225247134280924,687,432,60.46512825221799,124.50687610341772,394.358776148116,102.35415794363342,50.07897105389559,0.7793534972980483,2,0,0.29983709721709856,10.0,954
S0155,Network,IBM,E1,26.64503222597129,7409,348,344.1571412249807,237.7617391416996,314.92845974627284,208.4260554290574,92.15184734638515,0.7291416081931366,3,0,0.2992523401850467,749.0,955
S0626,Storage,AWS,E4,21.751407224613946,1849,830,321.8604021115904,295.2523773496633,208.84792517813307,127.006585683723,70.97568546687585,0.5038919851344836,1,0,0.29836565628920375,139.0,956
S0650,Storage,Google Cloud,E4,42.67499370136203,2423,698,100.39571451922352,197.48040687463347,284.21225926591467,290.934846256636,55.817422492870186,0.5127103425897624,3,0,0.29752196682945276,97.0,957
S0238,Database,AWS,E1,92.90039972236528,817,727,135.12255818161043,166.51777579769836,459.3676219402085,344.12070783122505,66.00931097020276,0.5599123793546337,2,0,0.2971599587225158,92.0,958
S0989,Network,Azure,E3,84.03386912785002,1597,936,124.66485141442632,137.6547082691974,420.3509384690196,267.04799712117256,59.27059089135871,0.9076031887828248,3,0,0.2969124413873682,152.0,959
S0416,AI Model,Google Cloud,E1,80.3680082631079,651,565,188.71304610849936,216.0374000677033,231.84962547728264,190.0799704511561,56.68803475385011,0.6124529852759112,3,0,0.2949122438469733,13.0,960
S0163,AI Model,AWS,E4,67.71330235311746,4719,908,120.02577585869228,278.93608005153834,137.7308272928909,266.7576180633605,60.30985396276012,0.8419466773888384,3,0,0.29124428131947977,404.0,961
S0318,Storage,AWS,E3,87.04922825059028,1192,975,75.15364308367072,117.7292081036664,443.9241273569594,145.9002975542386,95.48634189670985,0.8006798036391771,2,0,0.289703374173757,137.0,962
S0415,Compute,IBM,E2,76.54714276975879,7962,135,205.6628283852189,156.39101805439978,335.5676554304122,167.11973107979213,74.73771202178517,0.8792043203998523,2,0,0.28911129704174315,671.0,963
S0765,Storage,Azure,E2,79.58866583680614,1748,416,280.9614731015873,191.15957101471508,329.4153658873269,137.65555433462464,79.1178727531983,0.7354604132088177,2,0,0.2887969088880785,60.0,964
S0653,Network,IBM,E4,24.323568664926867,6407,50,137.31052110094697,168.42394872992378,462.3526687595479,226.63695883066532,96.14650390503031,0.5308209417184118,2,0,0.2869611475216864,495.0,965
S0028,Storage,AWS,E3,78.0975335478341,2531,951,59.7122873735507,157.60157723491469,226.3369224077757,54.64024271923935,74.70788017759023,0.6781056586269346,2,0,0.2844149970802548,142.0,966
S0509,AI Model,Google Cloud,E3,89.88152895746123,5203,439,380.0700277783324,202.06095896918916,402.393317109477,196.44014811951743,82.54013450716899,0.9013395813529594,2,0,0.2836558107075094,564.0,967
S0304,AI Model,Google Cloud,E3,49.69778544968412,4006,791,557.5808513477878,283.54160731210175,462.35525442343976,116.5964062540699,74.00450711200233,0.5541133233827743,1,0,0.282694202990569,606.0,968
S0209,Database,Google Cloud,E4,40.39622945964733,5957,68,70.39707157534095,259.4344384599988,306.24131402653865,370.9261911554858,50.49234125060055,0.9123406196139684,3,0,0.2802683035188677,403.0,969
S0839,Network,IBM,E3,73.4784537975739,3965,938,42.93529145766484,273.9317095440003,362.5938201271858,488.8289439954482,68.8100706647599,0.9501174287160548,1,0,0.28011743500187136,373.0,970
S0472,AI Model,IBM,E2,72.69753298141373,5288,728,22.778155701182055,110.53765517164572,437.0293854611203,142.96415258062754,95.18089348993551,0.9523026265564348,2,0,0.27911260928765025,447.0,971
S0268,Compute,AWS,E3,54.44299081977186,6687,309,314.8075181960869,166.4607818801484,433.994334008502,128.3116084180412,66.90699942419042,0.9465006811982486,1,0,0.27670977091243565,670.0,972
S0159,Compute,IBM,E4,94.87606335447124,4487,622,351.36943166870805,157.83276373328053,434.5610209920304,84.60417113663414,65.02443793163195,0.8852407265595149,1,0,0.2765258250003592,480.0,973
S0643,AI Model,AWS,E2,60.60557055106889,7159,520,70.31943450351275,215.7656067463056,481.8494173778285,434.6168951372371,93.45608071405172,0.8078059759611795,3,0,0.2748677183712083,676.0,974
S0717,Storage,Google Cloud,E1,53.623929152706665,1436,196,49.88605627719669,264.4007166919554,322.04251749933286,333.13736548972844,64.0354871232297,0.8436861834680667,1,0,0.27116219683364823,6.0,975
S0254,Network,Google Cloud,E4,26.12940093100837,4111,989,34.43731565233877,171.5687580793796,370.0320515361955,251.4426069138257,56.272089222526,0.852176478236065,1,0,0.2701547847726407,351.0,976
S0616,Network,IBM,E3,30.54147256837706,4676,962,360.83341115627394,192.5114395988118,400.26136707352657,69.04369955593646,52.62028432305994,0.5843508214018729,2,0,0.26926032006354944,573.0,977
S0863,Network,AWS,E3,35.89955410239936,3489,552,11.627319541325187,174.50174827780447,299.7375629723899,101.95038971569728,91.18296254919868,0.8965051538127997,1,0,0.26828098478177015,130.0,978
S0237,Compute,Azure,E3,54.794936501625216,2361,517,417.26082569846346,217.12730805068944,473.200449723302,91.01177631979436,56.72450532477512,0.9369109105811266,2,0,0.26758181577758716,224.0,979
S0993,Database,Google Cloud,E1,91.35723577713742,7003,540,513.0603014785424,265.1827887664792,428.9884091251472,162.4441164587331,53.064939722461176,0.5217281231505853,2,0,0.2672637201291762,861.0,980
S0772,Compute,IBM,E2,41.07533741815352,7718,703,238.9671290327959,176.8474643450171,374.2142928597976,157.0398503030505,71.5246791715755,0.9972628741915168,1,0,0.2631983194239001,783.0,981
S0211,Network,Google Cloud,E4,53.7304881837905,4408,499,102.3387323103882,256.4026554044938,283.146073910164,280.1786627404432,91.01384298843271,0.9651833289507648,1,0,0.26089338519911587,261.0,982
S0424,Storage,IBM,E4,28.44352928089528,7748,520,47.70543759332609,139.7355249013229,403.8913442619231,97.93279208911756,61.28815374375141,0.756690323140147,1,0,0.2580984717931281,647.0,983
S0239,AI Model,Azure,E4,65.63954545223498,4125,970,37.56546850163926,283.4145428536689,295.87884542060465,354.1046339556061,95.6722349237795,0.7255446437334158,2,0,0.25484308145016854,371.0,984
S0161,Network,Azure,E3,68.19238996513937,1903,500,318.79278648133817,251.7766127744665,337.9402399633923,119.64052720803384,63.60012868654948,0.7993185894149306,3,0,0.2521940971209623,99.0,985
S0023,Database,Azure,E2,66.84976766406979,3724,632,324.51775057169056,215.23635760103065,353.56066778366016,78.30097883099107,70.79948039876209,0.9087062276345552,2,0,0.2519078900224093,329.0,986
S0709,Compute,AWS,E2,35.03558866463021,3493,499,146.25343705437774,299.4689727613572,411.18593708825387,374.9215310355826,53.95932045543129,0.5053459950567507,2,0,0.2518432543768133,220.0,987
S0448,Compute,Google Cloud,E3,94.65781371434824,3986,114,208.76326500911185,238.63794485468435,287.14572859654123,118.38177754015562,79.31040830952546,0.5897501302471753,2,0,0.24919725284940603,184.0,988
S0498,Compute,AWS,E4,58.74294713344843,3878,856,172.98214397608206,265.3715599675876,228.9240014890236,122.1938310000402,91.6688812215832,0.852681345448341,3,0,0.24908121352876875,307.0,989
S0151,Compute,Azure,E3,53.01492484666179,3350,737,134.30992285087888,205.71340205994403,296.61613804957364,146.21231763945605,54.61729194727161,0.5807989779790106,2,0,0.24748018634390218,199.0,990
S0488,Network,IBM,E3,23.42365591267878,6434,87,271.82709850051884,282.9995746431823,414.37184665956863,171.77585478414295,93.99052178598426,0.6255792006791429,1,0,0.24344777649809557,566.0,991
S0417,Storage,AWS,E4,21.35049167003409,1936,272,269.8458792700519,292.11196049399507,419.4147100264167,78.24944822987248,94.28509567702388,0.5383053821305566,1,0,0.24051724293257778,83.0,992
S0814,Compute,AWS,E3,24.70172162163994,5245,178,150.5743167585638,285.34056905217346,326.7189049405914,215.88037113314888,61.05394368467209,0.7575421880858926,1,0,0.2382681284428856,348.0,993
S0453,AI Model,IBM,E2,64.9233881132908,7059,488,313.902559386928,236.63101590473815,425.8172104304021,193.88474128039377,80.82304391143987,0.6343503678771341,1,0,0.2330354110607102,759.0,994
S0582,AI Model,Azure,E2,79.1738869940595,1876,766,331.67356646257485,245.3641319194793,438.3427715262135,83.41589995501678,83.46285462898241,0.574336281848091,2,0,0.2277081689909674,208.0,995
S0774,Storage,Google Cloud,E2,89.69210402238905,2984,586,312.9866945664838,227.1700599180039,410.7163309888155,88.90395554200579,62.00423509683219,0.921739584562757,1,0,0.2256486351738756,239.0,996
S0606,Network,IBM,E1,25.378391663573822,662,546,68.5853011449064,216.39885819320915,474.617268304103,88.11838924795902,76.63428403569078,0.7233009505533279,2,0,0.2232895285145403,40.0,997
S0562,Compute,AWS,E1,24.98328832668312,594,394,31.99629720532461,284.81349661660494,400.6950347684817,160.37154554138465,87.29461325327412,0.9170627166236228,1,0,0.2210987823381391,15.0,998
S0693,Database,Azure,E1,64.15486415984898,7864,663,300.5994445340738,270.326694039361,377.63319644116814,150.001904356404,98.4680622497888,0.5490027074354709,1,0,0.21815003871658312,831.0,999
S0173,Storage,AWS,E1,45.08834665564491,4578,748,91.20344835935614,238.6079405197401,311.9296529541727,58.94886317382306,52.97400815541948,0.5207496521928557,2,0,0.19806455384191074,341.0,1000
